{
  "edges": [
    [0, 1],
    [1, 5],
    [5, 9],
    [9, 7],
    [7, 3],
    [3, 0],
    [11, 12],
    [12, 8],
    [8, 4],
    [4, 2],
    [2, 6],
    [6, 11],
    [0, 2],
    [4, 1],
    [8, 5],
    [9, 12],
    [11, 7],
    [6, 3],
    [5, 10],
    [10, 9],
    [8, 10],
    [10, 12]
  ],
  "vertices": [
    [-0.973522, 0.38842, -0.100967],
    [-0.837708, -0.464036, -0.18462],
    [-0.457167, 0.537479, -0.781617],
    [-0.449574, 0.863826, 0.400622],
    [-0.321353, -0.314977, -0.865269],
    [-0.177946, -0.841086, 0.233318],
    [0.066781, 1.012885, -0.280028],
    [0.210188, 0.486776, 0.818559],
    [0.338409, -0.692027, -0.447332],
    [0.346002, -0.365679, 0.734907],
    [0.666998, -1.030797, 0.280259],
    [0.726543, 0.635835, 0.13791],
    [0.862357, -0.216621, 0.054258]
  ],
  "name": "augmented hexagonal prism",
  "faces": [
    [5, 10, 9],
    [5, 8, 10],
    [9, 10, 12],
    [12, 10, 8],
    [1, 0, 2, 4],
    [5, 1, 4, 8],
    [7, 9, 12, 11],
    [3, 7, 11, 6],
    [0, 3, 6, 2],
    [0, 1, 5, 9, 7, 3],
    [11, 12, 8, 4, 2, 6]
  ]
}
