{
  "faces": [
    [0, 1, 2],
    [0, 3, 4],
    [1, 6, 5],
    [2, 8, 7],
    [3, 7, 9],
    [4, 10, 6],
    [5, 11, 8],
    [9, 11, 10],
    [0, 2, 7, 3],
    [0, 4, 6, 1],
    [1, 5, 8, 2],
    [3, 9, 10, 4],
    [5, 6, 10, 11],
    [7, 8, 11, 9]
  ],
  "edges": [
    [3, 7],
    [1, 2],
    [1, 5],
    [8, 2],
    [10, 4],
    [9, 10],
    [10, 6],
    [9, 11],
    [0, 3],
    [9, 3],
    [3, 4],
    [0, 2],
    [1, 6],
    [5, 6],
    [0, 1],
    [0, 4],
    [8, 5],
    [11, 5],
    [8, 11],
    [2, 7],
    [8, 7],
    [10, 11],
    [4, 6],
    [9, 7]
  ],
  "name": "cuboctahedron",
  "vertices": [
    [0.0, 0.0, 1.154701],
    [1.0, 0.0, 0.5773503],
    [0.3333333, 0.942809, 0.5773503],
    [-1.0, 0.0, 0.5773503],
    [-0.3333333, -0.942809, 0.5773503],
    [1.0, 0.0, -0.5773503],
    [0.6666667, -0.942809, 0.0],
    [-0.6666667, 0.942809, 0.0],
    [0.3333333, 0.942809, -0.5773503],
    [-1.0, 0.0, -0.5773503],
    [-0.3333333, -0.942809, -0.5773503],
    [0.0, 0.0, -1.154701]
  ]
}
