{
  "edges": [
    [31, 20],
    [20, 17],
    [17, 26],
    [26, 31],
    [17, 18],
    [18, 26],
    [17, 6],
    [6, 9],
    [9, 18],
    [20, 12],
    [12, 3],
    [3, 6],
    [6, 1],
    [1, 9],
    [1, 4],
    [4, 11],
    [11, 9],
    [3, 0],
    [0, 1],
    [3, 5],
    [5, 0],
    [5, 8],
    [8, 2],
    [2, 0],
    [2, 7],
    [7, 4],
    [8, 10],
    [10, 2],
    [10, 13],
    [13, 7],
    [18, 28],
    [28, 35],
    [35, 26],
    [28, 37],
    [37, 35],
    [28, 23],
    [23, 34],
    [34, 37],
    [11, 23],
    [23, 24],
    [24, 34],
    [24, 32],
    [32, 40],
    [40, 34],
    [11, 15],
    [15, 24],
    [4, 15],
    [7, 16],
    [16, 15],
    [16, 27],
    [27, 32],
    [13, 16],
    [13, 25],
    [25, 27],
    [37, 46],
    [46, 44],
    [44, 35],
    [46, 52],
    [52, 44],
    [46, 49],
    [49, 54],
    [54, 52],
    [40, 49],
    [49, 51],
    [51, 54],
    [51, 48],
    [48, 53],
    [53, 54],
    [40, 42],
    [42, 51],
    [32, 42],
    [27, 36],
    [36, 42],
    [36, 39],
    [39, 48],
    [25, 36],
    [25, 30],
    [30, 39],
    [52, 47],
    [47, 41],
    [41, 44],
    [47, 50],
    [50, 43],
    [43, 33],
    [33, 22],
    [22, 14],
    [14, 12],
    [31, 41],
    [53, 50],
    [53, 45],
    [45, 43],
    [48, 45],
    [39, 38],
    [38, 45],
    [38, 29],
    [29, 33],
    [30, 38],
    [30, 21],
    [21, 29],
    [14, 5],
    [29, 19],
    [19, 22],
    [19, 8],
    [21, 19],
    [21, 10]
  ],
  "vertices": [
    [-0.975594, -0.152802, -0.163647],
    [-0.930864, 0.290583, -0.105382],
    [-0.885816, -0.354103, 0.228021],
    [-0.840234, -0.110417, -0.590106],
    [-0.813441, 0.363309, 0.322296],
    [-0.812393, -0.508854, -0.384052],
    [-0.795504, 0.332968, -0.531841],
    [-0.7856, -0.035128, 0.52835],
    [-0.722614, -0.710155, 0.007616],
    [-0.695288, 0.651943, -0.231511],
    [-0.605191, -0.637428, 0.435294],
    [-0.577865, 0.724669, 0.196167],
    [-0.531438, -0.243136, -0.888462],
    [-0.504975, -0.318454, 0.735624],
    [-0.503596, -0.641573, -0.682408],
    [-0.488086, 0.523369, 0.587835],
    [-0.460245, 0.124931, 0.79389],
    [-0.459063, 0.474276, -0.794187],
    [-0.358847, 0.793251, -0.493857],
    [-0.358332, -0.967284, -0.048676],
    [-0.295861, 0.118224, -1.014591],
    [-0.240909, -0.894558, 0.379002],
    [-0.222972, -0.924899, -0.475135],
    [-0.168853, 0.910925, 0.19814],
    [-0.079074, 0.709624, 0.589809],
    [-0.078756, -0.378446, 0.864946],
    [-0.050051, 0.660532, -0.792214],
    [-0.034026, 0.064939, 0.923211],
    [-0.033492, 0.95331, -0.228318],
    [0.067887, -1.027277, 0.080646],
    [0.084446, -0.734498, 0.644541],
    [0.113151, 0.30448, -1.012618],
    [0.201551, 0.426299, 0.797082],
    [0.203247, -0.984891, -0.345813],
    [0.257366, 0.850932, 0.327462],
    [0.275304, 0.820591, -0.526675],
    [0.330256, -0.192191, 0.866919],
    [0.392727, 0.893318, -0.098997],
    [0.393242, -0.867217, 0.346185],
    [0.493458, -0.548243, 0.646514],
    [0.537991, 0.567607, 0.534736],
    [0.53937, 0.244487, -0.883296],
    [0.565833, 0.169169, 0.74079],
    [0.61226, -0.798636, -0.34384],
    [0.639586, 0.563462, -0.582967],
    [0.729683, -0.725909, 0.083838],
    [0.757009, 0.636188, -0.155289],
    [0.819995, -0.038838, -0.676023],
    [0.829899, -0.406935, 0.384168],
    [0.846787, 0.434888, 0.236379],
    [0.847836, -0.437276, -0.469969],
    [0.874629, 0.03645, 0.442434],
    [0.920211, 0.280136, -0.375693],
    [0.965259, -0.364549, -0.042291],
    [1.009989, 0.078836, 0.015975]
  ],
  "name": "diminished rhombicosidodecahedron",
  "faces": [
    [26, 17, 18],
    [6, 1, 9],
    [3, 5, 0],
    [8, 10, 2],
    [35, 28, 37],
    [23, 24, 34],
    [11, 4, 15],
    [7, 13, 16],
    [44, 46, 52],
    [49, 51, 54],
    [40, 32, 42],
    [27, 25, 36],
    [53, 48, 45],
    [39, 30, 38],
    [29, 21, 19],
    [31, 20, 17, 26],
    [17, 6, 9, 18],
    [9, 1, 4, 11],
    [3, 0, 1, 6],
    [5, 8, 2, 0],
    [2, 10, 13, 7],
    [26, 18, 28, 35],
    [28, 23, 34, 37],
    [34, 24, 32, 40],
    [11, 15, 24, 23],
    [4, 7, 16, 15],
    [16, 13, 25, 27],
    [35, 37, 46, 44],
    [46, 49, 54, 52],
    [54, 51, 48, 53],
    [40, 42, 51, 49],
    [32, 27, 36, 42],
    [36, 25, 30, 39],
    [44, 52, 47, 41],
    [53, 45, 43, 50],
    [48, 39, 38, 45],
    [38, 30, 21, 29],
    [12, 14, 5, 3],
    [33, 29, 19, 22],
    [19, 21, 10, 8],
    [20, 12, 3, 6, 17],
    [0, 2, 7, 4, 1],
    [18, 9, 11, 23, 28],
    [15, 16, 27, 32, 24],
    [37, 34, 40, 49, 46],
    [42, 36, 39, 48, 51],
    [52, 54, 53, 50, 47],
    [45, 38, 29, 33, 43],
    [22, 19, 8, 5, 14],
    [31, 26, 35, 44, 41],
    [21, 30, 25, 13, 10],
    [41, 47, 50, 43, 33, 22, 14, 12, 20, 31]
  ]
}
