{
  "edges": [
    [13, 6],
    [6, 7],
    [7, 13],
    [9, 6],
    [13, 15],
    [15, 9],
    [15, 11],
    [11, 9],
    [12, 13],
    [7, 12],
    [12, 14],
    [14, 15],
    [14, 11],
    [12, 10],
    [10, 14],
    [7, 5],
    [5, 12],
    [5, 10],
    [5, 3],
    [3, 10],
    [5, 2],
    [2, 0],
    [0, 3],
    [6, 2],
    [2, 7],
    [6, 1],
    [1, 2],
    [1, 0],
    [0, 4],
    [4, 8],
    [8, 3],
    [8, 10],
    [8, 14],
    [8, 11],
    [4, 11],
    [4, 9],
    [9, 1],
    [4, 1]
  ],
  "vertices": [
    [-1.052782, 0.264006, 0.098264],
    [-0.753999, -0.411397, 0.610751],
    [-0.732127, -0.483215, -0.285043],
    [-0.599216, 0.763406, -0.495842],
    [-0.413906, 0.414477, 0.712494],
    [-0.278562, 0.016184, -0.879148],
    [-0.105415, -0.890983, 0.213994],
    [0.009423, -0.81027, -0.673913],
    [0.03966, 0.913876, 0.118388],
    [0.101994, -0.305887, 0.864167],
    [0.267869, 0.713733, -0.727747],
    [0.47671, 0.507934, 0.790906],
    [0.590474, -0.124774, -0.697516],
    [0.722293, -0.806255, -0.126296],
    [0.797883, 0.460322, -0.047343],
    [0.929701, -0.221158, 0.523878]
  ],
  "name": "disphenocingulum",
  "faces": [
    [13, 6, 7],
    [9, 15, 11],
    [12, 13, 7],
    [15, 14, 11],
    [12, 10, 14],
    [12, 7, 5],
    [12, 5, 10],
    [10, 5, 3],
    [7, 6, 2],
    [5, 7, 2],
    [2, 6, 1],
    [2, 1, 0],
    [10, 3, 8],
    [10, 8, 14],
    [8, 11, 14],
    [8, 4, 11],
    [11, 4, 9],
    [9, 1, 6],
    [4, 1, 9],
    [0, 1, 4],
    [9, 6, 13, 15],
    [15, 13, 12, 14],
    [5, 2, 0, 3],
    [3, 0, 4, 8]
  ]
}
