{
  "edges": [
    [8, 3],
    [3, 0],
    [0, 2],
    [2, 7],
    [7, 8],
    [1, 0],
    [3, 5],
    [5, 1],
    [6, 1],
    [5, 6],
    [8, 10],
    [10, 5],
    [10, 6],
    [7, 9],
    [9, 10],
    [9, 6],
    [2, 4],
    [4, 9],
    [4, 6],
    [1, 4]
  ],
  "vertices": [
    [-0.980309, -0.33878, 0.175213],
    [-0.719686, 0.629425, 0.02221],
    [-0.520232, -0.599402, -0.690328],
    [-0.299303, -0.403757, 0.924054],
    [-0.25961, 0.368802, -0.84333],
    [-0.03868, 0.564448, 0.771051],
    [0.243026, 0.902834, -0.142672],
    [0.445117, -0.825453, -0.47642],
    [0.581659, -0.704537, 0.521323],
    [0.705739, 0.142752, -0.629422],
    [0.842281, 0.263667, 0.36832]
  ],
  "name": "elongated pentagonal pyramid",
  "faces": [
    [6, 1, 5],
    [6, 5, 10],
    [6, 10, 9],
    [6, 9, 4],
    [6, 4, 1],
    [1, 0, 3, 5],
    [5, 3, 8, 10],
    [10, 8, 7, 9],
    [9, 7, 2, 4],
    [4, 2, 0, 1],
    [8, 3, 0, 2, 7]
  ]
}
