{
  "edges": [
    [14, 10],
    [10, 5],
    [5, 3],
    [3, 7],
    [7, 13],
    [13, 14],
    [0, 3],
    [5, 1],
    [1, 0],
    [10, 8],
    [8, 1],
    [14, 12],
    [12, 8],
    [13, 11],
    [11, 12],
    [7, 6],
    [6, 11],
    [0, 6],
    [4, 9],
    [9, 2],
    [2, 4],
    [4, 8],
    [12, 9],
    [11, 9],
    [6, 2],
    [0, 2],
    [1, 4]
  ],
  "vertices": [
    [-0.836652, 0.050764, 0.288421],
    [-0.686658, 0.016522, -0.560338],
    [-0.587106, -0.771319, 0.365687],
    [-0.571616, 0.871513, 0.302147],
    [-0.437112, -0.805561, -0.483073],
    [-0.421621, 0.837272, -0.546612],
    [-0.212729, -0.16003, 0.84551],
    [0.052308, 0.660719, 0.859236],
    [0.08726, -0.228514, -0.852008],
    [0.186811, -1.016355, 0.074016],
    [0.352296, 0.592236, -0.838282],
    [0.561189, -0.405066, 0.55384],
    [0.711183, -0.439308, -0.294919],
    [0.826226, 0.415684, 0.567566],
    [0.97622, 0.381442, -0.281193]
  ],
  "name": "elongated triangular cupola",
  "faces": [
    [4, 9, 2],
    [9, 12, 11],
    [2, 6, 0],
    [4, 1, 8],
    [0, 3, 5, 1],
    [1, 5, 10, 8],
    [8, 10, 14, 12],
    [12, 14, 13, 11],
    [11, 13, 7, 6],
    [6, 7, 3, 0],
    [9, 4, 8, 12],
    [2, 9, 11, 6],
    [4, 2, 0, 1],
    [14, 10, 5, 3, 7, 13]
  ]
}
