{
  "edges": [
    [7, 4],
    [4, 3],
    [3, 5],
    [5, 7],
    [7, 6],
    [6, 4],
    [3, 1],
    [1, 5],
    [4, 2],
    [2, 0],
    [0, 3],
    [6, 2],
    [0, 1],
    [2, 7],
    [5, 0]
  ],
  "vertices": [
    [-0.677756, 0.338878, 0.309352],
    [-0.446131, 1.338394, 0.0],
    [-0.338878, -0.677755, 0.309352],
    [-0.169439, 0.508317, -0.618703],
    [0.169439, -0.508317, -0.618703],
    [0.338878, 0.677756, 0.309352],
    [0.446131, -1.338394, 0.0],
    [0.677755, -0.338878, 0.309352]
  ],
  "name": "elongated triangular bipyramid",
  "faces": [
    [4, 7, 6],
    [5, 3, 1],
    [2, 4, 6],
    [3, 0, 1],
    [7, 2, 6],
    [0, 5, 1],
    [7, 4, 3, 5],
    [4, 2, 0, 3],
    [2, 7, 5, 0]
  ]
}
