{
  "edges": [
    [3, 11],
    [11, 9],
    [9, 3],
    [3, 2],
    [2, 10],
    [10, 11],
    [10, 16],
    [16, 11],
    [16, 13],
    [13, 9],
    [13, 5],
    [5, 9],
    [5, 0],
    [0, 3],
    [0, 2],
    [14, 8],
    [8, 6],
    [6, 14],
    [14, 17],
    [17, 12],
    [12, 8],
    [12, 4],
    [4, 8],
    [4, 1],
    [1, 6],
    [1, 7],
    [7, 6],
    [7, 15],
    [15, 14],
    [15, 17],
    [5, 7],
    [1, 0],
    [4, 2],
    [12, 10],
    [17, 16],
    [15, 13]
  ],
  "vertices": [
    [-0.82124, -0.196132, -0.329082],
    [-0.725355, -0.267867, 0.472553],
    [-0.627806, 0.589563, -0.281911],
    [-0.577286, 0.20167, -0.991803],
    [-0.531921, 0.517828, 0.519724],
    [-0.241376, -0.749828, -0.447988],
    [-0.196012, -0.43367, 1.063538],
    [-0.145492, -0.821562, 0.353647],
    [-0.002578, 0.352025, 1.11071],
    [0.002578, -0.352025, -1.110709],
    [0.145492, 0.821563, -0.353646],
    [0.196012, 0.43367, -1.063538],
    [0.241376, 0.749828, 0.447989],
    [0.531921, -0.517828, -0.519723],
    [0.577285, -0.20167, 0.991804],
    [0.627806, -0.589563, 0.281912],
    [0.725355, 0.267867, -0.472551],
    [0.82124, 0.196133, 0.329083]
  ],
  "name": "elongated triangular gyrobicupola",
  "faces": [
    [3, 11, 9],
    [11, 10, 16],
    [9, 13, 5],
    [3, 0, 2],
    [14, 8, 6],
    [8, 12, 4],
    [6, 1, 7],
    [14, 15, 17],
    [11, 3, 2, 10],
    [9, 11, 16, 13],
    [3, 9, 5, 0],
    [8, 14, 17, 12],
    [6, 8, 4, 1],
    [14, 6, 7, 15],
    [5, 7, 1, 0],
    [0, 1, 4, 2],
    [2, 4, 12, 10],
    [10, 12, 17, 16],
    [16, 17, 15, 13],
    [13, 15, 7, 5]
  ]
}
