{
  "edges": [
    [36, 33],
    [33, 23],
    [23, 25],
    [25, 36],
    [23, 15],
    [15, 25],
    [23, 19],
    [19, 9],
    [9, 15],
    [33, 35],
    [35, 27],
    [27, 19],
    [27, 16],
    [16, 19],
    [16, 6],
    [6, 9],
    [30, 20],
    [20, 16],
    [27, 30],
    [30, 28],
    [28, 20],
    [28, 21],
    [21, 12],
    [12, 20],
    [12, 4],
    [4, 6],
    [21, 13],
    [13, 12],
    [13, 5],
    [5, 4],
    [15, 11],
    [11, 22],
    [22, 25],
    [11, 17],
    [17, 22],
    [11, 3],
    [3, 8],
    [8, 17],
    [9, 1],
    [1, 3],
    [3, 2],
    [2, 8],
    [2, 7],
    [7, 14],
    [14, 8],
    [1, 0],
    [0, 2],
    [6, 1],
    [4, 0],
    [0, 5],
    [5, 10],
    [10, 7],
    [13, 18],
    [18, 10],
    [17, 26],
    [26, 32],
    [32, 22],
    [26, 37],
    [37, 32],
    [26, 24],
    [24, 34],
    [34, 37],
    [14, 24],
    [44, 43],
    [43, 34],
    [18, 29],
    [29, 39],
    [39, 44],
    [37, 46],
    [46, 41],
    [41, 32],
    [46, 48],
    [48, 49],
    [49, 47],
    [47, 45],
    [45, 40],
    [40, 35],
    [36, 41],
    [43, 48],
    [44, 49],
    [39, 42],
    [42, 47],
    [29, 31],
    [31, 42],
    [40, 30],
    [42, 38],
    [38, 45],
    [38, 28],
    [31, 38],
    [31, 21]
  ],
  "vertices": [
    [-0.915244, -0.149547, 0.004878],
    [-0.857812, 0.261033, -0.170045],
    [-0.853796, 0.017864, 0.418001],
    [-0.796364, 0.428444, 0.243078],
    [-0.772518, -0.333547, -0.380149],
    [-0.759676, -0.571754, 0.001381],
    [-0.715086, 0.077033, -0.555071],
    [-0.660252, -0.300878, 0.669827],
    [-0.638771, 0.334916, 0.65404],
    [-0.609317, 0.503159, -0.456572],
    [-0.602083, -0.665282, 0.412342],
    [-0.509893, 0.774035, 0.211875],
    [-0.463372, -0.606112, -0.56073],
    [-0.45053, -0.844319, -0.1792],
    [-0.445227, 0.016174, 0.905866],
    [-0.394292, 0.820211, -0.220533],
    [-0.370445, 0.05822, -0.84376],
    [-0.3523, 0.680507, 0.622836],
    [-0.292937, -0.937847, 0.231761],
    [-0.264676, 0.484346, -0.745261],
    [-0.214877, -0.363987, -0.847257],
    [-0.105889, -0.863132, -0.467889],
    [-0.103806, 0.922633, 0.336308],
    [-0.049651, 0.801399, -0.509222],
    [-0.039139, 0.164772, 1.0303],
    [0.011796, 0.968809, -0.096099],
    [0.018293, 0.575352, 0.855378],
    [0.04447, 0.211781, -0.925842],
    [0.142605, -0.621006, -0.754417],
    [0.149102, -1.014463, 0.197061],
    [0.200037, -0.210426, -0.929339],
    [0.264704, -0.968287, -0.235347],
    [0.266787, 0.817478, 0.56885],
    [0.392388, 0.724782, -0.543923],
    [0.4029, 0.088156, 0.9956],
    [0.450558, 0.360379, -0.801408],
    [0.453835, 0.892193, -0.1308],
    [0.460331, 0.498736, 0.820677],
    [0.513198, -0.726161, -0.521875],
    [0.55519, -0.865866, 0.321494],
    [0.606125, -0.061828, -0.804905],
    [0.611428, 0.798665, 0.280161],
    [0.670792, -0.819689, -0.110913],
    [0.712045, -0.18441, 0.815019],
    [0.770215, -0.548813, 0.557534],
    [0.799669, -0.38057, -0.553078],
    [0.804972, 0.479923, 0.531988],
    [0.957263, -0.474098, -0.142117],
    [0.96054, 0.057716, 0.528491],
    [1.01871, -0.306688, 0.271006]
  ],
  "name": "gyrate bidiminished rhombicosidodecahedron",
  "faces": [
    [25, 23, 15],
    [27, 16, 19],
    [30, 28, 20],
    [21, 13, 12],
    [22, 11, 17],
    [3, 2, 8],
    [9, 6, 1],
    [4, 5, 0],
    [32, 26, 37],
    [42, 31, 38],
    [36, 33, 23, 25],
    [23, 19, 9, 15],
    [19, 16, 6, 9],
    [30, 20, 16, 27],
    [28, 21, 12, 20],
    [12, 13, 5, 4],
    [25, 15, 11, 22],
    [11, 3, 8, 17],
    [8, 2, 7, 14],
    [1, 0, 2, 3],
    [6, 4, 0, 1],
    [5, 13, 18, 10],
    [22, 17, 26, 32],
    [26, 24, 34, 37],
    [32, 37, 46, 41],
    [43, 44, 49, 48],
    [39, 29, 31, 42],
    [35, 40, 30, 27],
    [47, 42, 38, 45],
    [38, 31, 21, 28],
    [33, 35, 27, 19, 23],
    [20, 12, 4, 6, 16],
    [15, 9, 1, 3, 11],
    [0, 5, 10, 7, 2],
    [17, 8, 14, 24, 26],
    [37, 34, 43, 48, 46],
    [44, 39, 42, 47, 49],
    [45, 38, 28, 30, 40],
    [36, 25, 22, 32, 41],
    [31, 29, 18, 13, 21],
    [44, 43, 34, 24, 14, 7, 10, 18, 29, 39],
    [41, 46, 48, 49, 47, 45, 40, 35, 33, 36]
  ]
}
