{
  "edges": [
    [3, 8],
    [8, 13],
    [13, 7],
    [7, 2],
    [2, 3],
    [3, 5],
    [5, 12],
    [12, 8],
    [12, 18],
    [18, 8],
    [18, 21],
    [21, 13],
    [21, 20],
    [20, 13],
    [20, 16],
    [16, 7],
    [16, 11],
    [11, 7],
    [11, 4],
    [4, 2],
    [4, 0],
    [0, 2],
    [0, 1],
    [1, 3],
    [1, 5],
    [30, 24],
    [24, 27],
    [27, 32],
    [32, 34],
    [34, 30],
    [30, 31],
    [31, 23],
    [23, 15],
    [15, 19],
    [19, 30],
    [19, 24],
    [15, 10],
    [10, 19],
    [10, 6],
    [6, 17],
    [17, 24],
    [17, 27],
    [6, 9],
    [9, 17],
    [9, 14],
    [14, 25],
    [25, 27],
    [25, 32],
    [14, 22],
    [22, 25],
    [22, 26],
    [26, 33],
    [33, 32],
    [33, 34],
    [26, 29],
    [29, 33],
    [29, 28],
    [28, 31],
    [31, 34],
    [28, 23],
    [16, 22],
    [22, 11],
    [14, 11],
    [14, 4],
    [9, 4],
    [9, 0],
    [6, 0],
    [6, 1],
    [10, 1],
    [10, 5],
    [15, 5],
    [15, 12],
    [23, 12],
    [23, 18],
    [28, 18],
    [28, 21],
    [29, 21],
    [29, 20],
    [26, 20],
    [26, 16]
  ],
  "vertices": [
    [-0.908535, -0.523787, -0.144699],
    [-0.894854, -0.367641, 0.429886],
    [-0.853258, 0.048135, -0.301436],
    [-0.839577, 0.20428, 0.273149],
    [-0.708763, -0.381742, -0.687498],
    [-0.672946, 0.027052, 0.816785],
    [-0.520247, -0.782937, 0.225153],
    [-0.51634, 0.434114, -0.605119],
    [-0.494204, 0.686763, 0.324579],
    [-0.422413, -0.79035, -0.362291],
    [-0.396391, -0.493344, 0.730635],
    [-0.371845, 0.004237, -0.991181],
    [-0.327573, 0.509534, 0.868216],
    [-0.294432, 0.828807, -0.218221],
    [-0.140258, -0.512752, -0.807313],
    [-0.098153, -0.032185, 0.961078],
    [-0.026471, 0.486719, -0.939751],
    [-0.010949, -1.005224, 0.010862],
    [0.009345, 0.895513, 0.564533],
    [0.189455, -0.536653, 0.828749],
    [0.195436, 0.881412, -0.552852],
    [0.209117, 1.037558, 0.021734],
    [0.218444, -0.056175, -0.93993],
    [0.260549, 0.424392, 0.828462],
    [0.427671, -0.853012, 0.383905],
    [0.445587, -0.556061, -0.709199],
    [0.516681, 0.404984, -0.709486],
    [0.525505, -0.860425, -0.203539],
    [0.542703, 0.70199, 0.38344],
    [0.640537, 0.694577, -0.204005],
    [0.725908, -0.391854, 0.614349],
    [0.769847, 0.202104, 0.614171],
    [0.884207, -0.403849, -0.336156],
    [0.928145, 0.190109, -0.336334],
    [1.008063, -0.114255, 0.169326]
  ],
  "name": "gyroelongated pentagonal cupolarotunda",
  "faces": [
    [8, 12, 18],
    [13, 21, 20],
    [7, 16, 11],
    [2, 4, 0],
    [3, 1, 5],
    [30, 19, 24],
    [19, 15, 10],
    [24, 17, 27],
    [17, 6, 9],
    [27, 25, 32],
    [25, 14, 22],
    [32, 33, 34],
    [33, 26, 29],
    [34, 31, 30],
    [31, 28, 23],
    [16, 22, 11],
    [11, 22, 14],
    [11, 14, 4],
    [4, 14, 9],
    [4, 9, 0],
    [0, 9, 6],
    [0, 6, 1],
    [1, 6, 10],
    [1, 10, 5],
    [5, 10, 15],
    [5, 15, 12],
    [12, 15, 23],
    [12, 23, 18],
    [18, 23, 28],
    [18, 28, 21],
    [21, 28, 29],
    [21, 29, 20],
    [20, 29, 26],
    [20, 26, 16],
    [16, 26, 22],
    [8, 3, 5, 12],
    [13, 8, 18, 21],
    [7, 13, 20, 16],
    [2, 7, 11, 4],
    [3, 2, 0, 1],
    [3, 8, 13, 7, 2],
    [30, 24, 27, 32, 34],
    [30, 31, 23, 15, 19],
    [24, 19, 10, 6, 17],
    [27, 17, 9, 14, 25],
    [32, 25, 22, 26, 33],
    [34, 33, 29, 28, 31]
  ]
}
