{
  "edges": [
    [20, 14],
    [14, 8],
    [8, 3],
    [3, 0],
    [0, 4],
    [4, 10],
    [10, 16],
    [16, 21],
    [21, 24],
    [24, 20],
    [1, 3],
    [3, 5],
    [5, 1],
    [8, 5],
    [8, 12],
    [12, 5],
    [14, 12],
    [14, 18],
    [18, 12],
    [20, 18],
    [20, 22],
    [22, 18],
    [24, 22],
    [24, 23],
    [23, 22],
    [21, 23],
    [9, 15],
    [15, 17],
    [17, 11],
    [11, 6],
    [6, 9],
    [9, 12],
    [18, 15],
    [22, 15],
    [23, 17],
    [23, 19],
    [19, 17],
    [19, 13],
    [13, 11],
    [13, 7],
    [7, 11],
    [7, 2],
    [2, 6],
    [2, 1],
    [1, 6],
    [5, 9],
    [21, 19],
    [16, 19],
    [16, 13],
    [10, 13],
    [10, 7],
    [4, 7],
    [4, 2],
    [0, 2],
    [0, 1]
  ],
  "vertices": [
    [-1.007937, 0.263193, -0.317378],
    [-0.995648, -0.249677, 0.04509],
    [-0.928425, 0.319026, 0.303212],
    [-0.878881, -0.297121, -0.570283],
    [-0.751014, 0.784617, -0.079308],
    [-0.682946, -0.746755, -0.177844],
    [-0.534412, -0.144902, 0.458433],
    [-0.506952, 0.74213, 0.497926],
    [-0.413141, -0.682306, -0.741423],
    [-0.221709, -0.64198, 0.235499],
    [-0.206248, 1.067984, 0.052991],
    [-0.112939, 0.278202, 0.653148],
    [-0.109759, -0.982341, -0.280438],
    [0.107781, 0.858022, 0.55486],
    [0.211385, -0.745233, -0.765428],
    [0.393024, -0.526088, 0.292433],
    [0.418278, 1.005057, 0.028986],
    [0.460247, 0.042616, 0.550554],
    [0.504974, -0.866449, -0.223504],
    [0.680968, 0.622436, 0.452266],
    [0.756151, -0.461866, -0.633128],
    [0.884017, 0.619872, -0.142153],
    [0.926446, -0.443346, -0.028789],
    [0.99367, 0.125358, 0.229332],
    [1.013073, 0.059558, -0.395059]
  ],
  "name": "gyroelongated pentagonal cupola",
  "faces": [
    [1, 3, 5],
    [5, 3, 8],
    [5, 8, 12],
    [12, 8, 14],
    [12, 14, 18],
    [18, 14, 20],
    [18, 20, 22],
    [22, 20, 24],
    [22, 24, 23],
    [23, 24, 21],
    [15, 18, 22],
    [17, 23, 19],
    [11, 13, 7],
    [6, 2, 1],
    [9, 5, 12],
    [23, 21, 19],
    [19, 21, 16],
    [19, 16, 13],
    [13, 16, 10],
    [13, 10, 7],
    [7, 10, 4],
    [7, 4, 2],
    [2, 4, 0],
    [2, 0, 1],
    [1, 0, 3],
    [15, 9, 12, 18],
    [17, 15, 22, 23],
    [11, 17, 19, 13],
    [6, 11, 7, 2],
    [9, 6, 1, 5],
    [9, 15, 17, 11, 6],
    [20, 14, 8, 3, 0, 4, 10, 16, 21, 24]
  ]
}
