{
  "edges": [
    [2, 9],
    [9, 16],
    [16, 10],
    [10, 3],
    [3, 2],
    [2, 4],
    [4, 11],
    [11, 9],
    [11, 18],
    [18, 9],
    [18, 23],
    [23, 16],
    [23, 25],
    [25, 16],
    [25, 19],
    [19, 10],
    [19, 12],
    [12, 10],
    [12, 6],
    [6, 3],
    [6, 1],
    [1, 3],
    [1, 0],
    [0, 2],
    [0, 4],
    [24, 17],
    [17, 15],
    [15, 21],
    [21, 26],
    [26, 24],
    [24, 20],
    [20, 13],
    [13, 17],
    [13, 7],
    [7, 17],
    [7, 5],
    [5, 15],
    [5, 8],
    [8, 15],
    [8, 14],
    [14, 21],
    [14, 22],
    [22, 21],
    [22, 28],
    [28, 26],
    [28, 29],
    [29, 26],
    [29, 27],
    [27, 24],
    [27, 20],
    [19, 22],
    [22, 12],
    [14, 12],
    [14, 6],
    [8, 6],
    [8, 1],
    [5, 1],
    [5, 0],
    [7, 0],
    [7, 4],
    [13, 4],
    [13, 11],
    [20, 11],
    [20, 18],
    [27, 18],
    [27, 23],
    [29, 23],
    [29, 25],
    [28, 25],
    [28, 19]
  ],
  "vertices": [
    [-0.962816, 0.187793, 0.445444],
    [-0.942301, -0.435696, 0.287991],
    [-0.736715, 0.34226, -0.136766],
    [-0.7162, -0.281228, -0.294218],
    [-0.680334, 0.758077, 0.35095],
    [-0.653736, -0.229833, 0.824928],
    [-0.626624, -0.874236, -0.061265],
    [-0.516012, 0.397771, 0.858028],
    [-0.47699, -0.788175, 0.558536],
    [-0.259134, 0.641512, -0.447112],
    [-0.22594, -0.367313, -0.701875],
    [-0.202753, 1.057329, 0.040605],
    [-0.136364, -0.960322, -0.468922],
    [-0.116423, 0.854913, 0.645191],
    [-0.053283, -1.063987, 0.160603],
    [-0.029965, -0.362198, 0.739264],
    [0.056543, 0.202971, -0.796368],
    [0.107759, 0.265405, 0.772363],
    [0.287508, 0.971244, -0.367052],
    [0.341218, -0.66107, -0.779268],
    [0.392401, 0.966981, 0.267715],
    [0.393741, -0.638011, 0.341331],
    [0.455541, -0.951919, -0.216873],
    [0.603185, 0.532703, -0.716309],
    [0.616584, 0.377473, 0.394887],
    [0.6237, -0.090786, -0.873761],
    [0.79333, -0.180868, 0.128495],
    [0.816108, 0.691169, -0.130218],
    [0.85513, -0.494777, -0.42971],
    [0.992854, 0.132827, -0.396611]
  ],
  "name": "gyroelongated pentagonal bicupola",
  "faces": [
    [9, 11, 18],
    [16, 23, 25],
    [10, 19, 12],
    [3, 6, 1],
    [2, 0, 4],
    [17, 13, 7],
    [15, 5, 8],
    [21, 14, 22],
    [26, 28, 29],
    [24, 27, 20],
    [19, 22, 12],
    [12, 22, 14],
    [12, 14, 6],
    [6, 14, 8],
    [6, 8, 1],
    [1, 8, 5],
    [1, 5, 0],
    [0, 5, 7],
    [0, 7, 4],
    [4, 7, 13],
    [4, 13, 11],
    [11, 13, 20],
    [11, 20, 18],
    [18, 20, 27],
    [18, 27, 23],
    [23, 27, 29],
    [23, 29, 25],
    [25, 29, 28],
    [25, 28, 19],
    [19, 28, 22],
    [9, 2, 4, 11],
    [16, 9, 18, 23],
    [10, 16, 25, 19],
    [3, 10, 12, 6],
    [2, 3, 1, 0],
    [17, 24, 20, 13],
    [15, 17, 7, 5],
    [21, 15, 8, 14],
    [26, 21, 22, 28],
    [24, 26, 29, 27],
    [2, 9, 16, 10, 3],
    [24, 17, 15, 21, 26]
  ]
}
