{
  "edges": [
    [6, 2],
    [2, 8],
    [8, 6],
    [2, 4],
    [4, 8],
    [4, 9],
    [9, 8],
    [4, 3],
    [3, 9],
    [3, 7],
    [7, 9],
    [3, 1],
    [1, 7],
    [1, 5],
    [5, 7],
    [1, 0],
    [0, 5],
    [0, 6],
    [6, 5],
    [0, 2],
    [8, 10],
    [10, 6],
    [9, 10],
    [7, 10],
    [5, 10]
  ],
  "vertices": [
    [-0.722759, -0.425905, 0.628394],
    [-0.669286, 0.622275, 0.513309],
    [-0.502035, -0.868253, -0.304556],
    [-0.415513, 0.827739, -0.490768],
    [-0.312146, -0.093458, -0.996236],
    [0.134982, 0.097675, 0.952322],
    [0.238349, -0.823522, 0.446854],
    [0.324871, 0.872469, 0.260642],
    [0.492123, -0.618058, -0.557222],
    [0.545596, 0.430122, -0.672308],
    [0.88582, -0.021082, 0.21957]
  ],
  "name": "gyroelongated pentagonal pyramid",
  "faces": [
    [6, 2, 8],
    [8, 2, 4],
    [8, 4, 9],
    [9, 4, 3],
    [9, 3, 7],
    [7, 3, 1],
    [7, 1, 5],
    [5, 1, 0],
    [5, 0, 6],
    [6, 0, 2],
    [6, 8, 10],
    [8, 9, 10],
    [9, 7, 10],
    [7, 5, 10],
    [5, 6, 10],
    [1, 3, 4, 2, 0]
  ]
}
