{
  "edges": [
    [6, 8],
    [8, 9],
    [9, 6],
    [8, 7],
    [7, 9],
    [7, 3],
    [3, 9],
    [7, 1],
    [1, 3],
    [1, 0],
    [0, 3],
    [1, 2],
    [2, 0],
    [2, 6],
    [6, 0],
    [2, 8],
    [9, 4],
    [4, 6],
    [3, 4],
    [0, 4],
    [8, 5],
    [5, 7],
    [5, 1],
    [5, 2]
  ],
  "vertices": [
    [-0.777261, 0.485581, 0.103065],
    [-0.675344, -0.565479, -0.273294],
    [-0.379795, -0.315718, 0.778861],
    [-0.221894, 0.282623, -0.849372],
    [-0.034619, 1.231562, -0.282624],
    [0.034619, -1.231562, 0.282624],
    [0.196076, 0.635838, 0.638599],
    [0.405612, -0.602744, -0.568088],
    [0.701162, -0.352983, 0.484067],
    [0.751443, 0.43288, -0.313837]
  ],
  "name": "gyroelongated square bipyramid",
  "faces": [
    [6, 8, 9],
    [9, 8, 7],
    [9, 7, 3],
    [3, 7, 1],
    [3, 1, 0],
    [0, 1, 2],
    [0, 2, 6],
    [6, 2, 8],
    [6, 9, 4],
    [9, 3, 4],
    [3, 0, 4],
    [0, 6, 4],
    [7, 8, 5],
    [1, 7, 5],
    [2, 1, 5],
    [8, 2, 5]
  ]
}
