{
  "faces": [
    [0, 1, 2],
    [0, 2, 3],
    [0, 3, 4],
    [1, 5, 6],
    [1, 6, 2],
    [3, 7, 4],
    [4, 7, 8],
    [5, 9, 10],
    [5, 10, 6],
    [7, 11, 8],
    [8, 11, 9],
    [9, 11, 10],
    [0, 4, 8, 9, 5, 1],
    [2, 6, 10, 11, 7, 3]
  ],
  "edges": [
    [3, 7],
    [1, 2],
    [1, 5],
    [8, 9],
    [4, 7],
    [9, 10],
    [10, 6],
    [9, 11],
    [10, 5],
    [3, 4],
    [9, 5],
    [2, 3],
    [0, 2],
    [1, 6],
    [5, 6],
    [11, 7],
    [0, 1],
    [8, 4],
    [0, 4],
    [10, 11],
    [8, 11],
    [2, 6],
    [8, 7],
    [0, 3]
  ],
  "name": "hexagonal antiprism",
  "vertices": [
    [0.0, 0.0, 1.126033],
    [0.9194017, 0.0, 0.6501152],
    [0.3365244, 0.8555997, 0.6501152],
    [-0.6730487, 0.6263424, 0.6501152],
    [-0.8292303, -0.3970852, 0.6501152],
    [1.009573, -0.3970852, -0.3017195],
    [0.9194017, 0.6263424, -0.1741978],
    [-1.099745, 0.1678279, -0.1741978],
    [-0.7390588, -0.7941704, -0.3017195],
    [0.1803429, -0.7941704, -0.7776368],
    [0.4927059, 0.1678279, -0.9985108],
    [-0.5168672, -0.06142929, -0.9985108]
  ]
}
