{
  "faces": [
    [0, 1, 2],
    [0, 3, 4],
    [1, 6, 5],
    [2, 8, 7],
    [3, 10, 9],
    [4, 12, 11],
    [5, 13, 14],
    [6, 11, 15],
    [7, 16, 10],
    [8, 14, 17],
    [9, 18, 19],
    [12, 19, 20],
    [13, 22, 21],
    [15, 23, 22],
    [16, 25, 24],
    [17, 26, 25],
    [18, 24, 27],
    [20, 28, 23],
    [21, 29, 26],
    [27, 29, 28],
    [0, 2, 7, 10, 3],
    [0, 4, 11, 6, 1],
    [1, 5, 14, 8, 2],
    [3, 9, 19, 12, 4],
    [5, 6, 15, 22, 13],
    [7, 8, 17, 25, 16],
    [9, 10, 16, 24, 18],
    [11, 12, 20, 23, 15],
    [13, 21, 26, 17, 14],
    [18, 27, 28, 20, 19],
    [21, 22, 23, 28, 29],
    [24, 25, 26, 29, 27]
  ],
  "edges": [
    [23, 15],
    [5, 13],
    [1, 2],
    [1, 5],
    [22, 23],
    [8, 2],
    [17, 14],
    [9, 18],
    [25, 26],
    [27, 29],
    [9, 10],
    [28, 29],
    [28, 23],
    [26, 29],
    [9, 19],
    [20, 23],
    [25, 17],
    [12, 20],
    [11, 12],
    [11, 4],
    [10, 3],
    [24, 27],
    [9, 3],
    [5, 14],
    [11, 15],
    [22, 15],
    [0, 2],
    [1, 6],
    [21, 13],
    [5, 6],
    [16, 7],
    [2, 7],
    [19, 20],
    [0, 1],
    [8, 14],
    [21, 29],
    [18, 27],
    [13, 22],
    [24, 16],
    [24, 18],
    [0, 4],
    [18, 19],
    [12, 4],
    [16, 25],
    [13, 14],
    [16, 10],
    [0, 3],
    [11, 6],
    [6, 15],
    [3, 4],
    [26, 21],
    [10, 7],
    [21, 22],
    [27, 28],
    [24, 25],
    [8, 7],
    [28, 20],
    [8, 17],
    [17, 26],
    [19, 12]
  ],
  "name": "icosidodecahedron",
  "vertices": [
    [0.0, 0.0, 1.051462],
    [0.618034, 0.0, 0.8506508],
    [0.2763932, 0.5527864, 0.8506508],
    [-0.618034, 0.0, 0.8506508],
    [-0.2763932, -0.5527864, 0.8506508],
    [1.0, 0.0, 0.3249197],
    [0.7236068, -0.5527864, 0.5257311],
    [-0.1708204, 0.8944272, 0.5257311],
    [0.4472136, 0.8944272, 0.3249197],
    [-1.0, 0.0, 0.3249197],
    [-0.7236068, 0.5527864, 0.5257311],
    [0.1708204, -0.8944272, 0.5257311],
    [-0.4472136, -0.8944272, 0.3249197],
    [1.0, 0.0, -0.3249197],
    [0.8944272, 0.5527864, 0.0],
    [0.5527864, -0.8944272, 0.0],
    [-0.5527864, 0.8944272, 0.0],
    [0.4472136, 0.8944272, -0.3249197],
    [-1.0, 0.0, -0.3249197],
    [-0.8944272, -0.5527864, 0.0],
    [-0.4472136, -0.8944272, -0.3249197],
    [0.618034, 0.0, -0.8506508],
    [0.7236068, -0.5527864, -0.5257311],
    [0.1708204, -0.8944272, -0.5257311],
    [-0.7236068, 0.5527864, -0.5257311],
    [-0.1708204, 0.8944272, -0.5257311],
    [0.2763932, 0.5527864, -0.8506508],
    [-0.618034, 0.0, -0.8506508],
    [-0.2763932, -0.5527864, -0.8506508],
    [0.0, 0.0, -1.051462]
  ]
}
