{
  "edges": [
    [0, 6],
    [6, 10],
    [10, 8],
    [8, 1],
    [1, 0],
    [19, 14],
    [14, 8],
    [10, 17],
    [17, 19],
    [4, 2],
    [2, 0],
    [1, 3],
    [3, 4],
    [9, 12],
    [12, 6],
    [2, 9],
    [18, 17],
    [12, 18],
    [9, 15],
    [15, 20],
    [20, 18],
    [3, 11],
    [11, 16],
    [16, 13],
    [13, 4],
    [19, 21],
    [21, 16],
    [11, 14],
    [20, 21],
    [15, 13],
    [7, 13],
    [15, 7],
    [9, 7],
    [7, 4],
    [7, 2],
    [5, 1],
    [8, 5],
    [14, 5],
    [5, 3],
    [5, 11]
  ],
  "vertices": [
    [-0.858966, -0.256781, -0.362035],
    [-0.807204, -0.391109, 0.326114],
    [-0.719263, 0.425042, -0.461407],
    [-0.63551, 0.207695, 0.652043],
    [-0.58116, 0.712103, 0.165328],
    [-0.46306, -0.410585, 0.938862],
    [-0.364654, -0.630479, -0.694119],
    [-0.311484, 0.996138, -0.418515],
    [-0.280902, -0.847826, 0.419331],
    [-0.13861, 0.472734, -0.854906],
    [-0.007391, -0.995764, -0.211209],
    [-0.003096, 0.121058, 0.946694],
    [0.08055, -0.179614, -0.99873],
    [0.084846, 0.937209, 0.159173],
    [0.216065, -0.531289, 0.80287],
    [0.358357, 0.789271, -0.471366],
    [0.442109, 0.571923, 0.642084],
    [0.658614, -0.770659, -0.217364],
    [0.712965, -0.26625, -0.704079],
    [0.796718, -0.483597, 0.409371],
    [0.884659, 0.332554, -0.37815],
    [0.936421, 0.198226, 0.31]
  ],
  "name": "metabiaugmented dodecahedron",
  "faces": [
    [7, 13, 15],
    [7, 15, 9],
    [7, 4, 13],
    [7, 2, 4],
    [2, 7, 9],
    [5, 1, 8],
    [5, 8, 14],
    [5, 3, 1],
    [5, 11, 3],
    [11, 5, 14],
    [0, 6, 10, 8, 1],
    [19, 14, 8, 10, 17],
    [4, 2, 0, 1, 3],
    [9, 12, 6, 0, 2],
    [18, 17, 10, 6, 12],
    [12, 9, 15, 20, 18],
    [3, 11, 16, 13, 4],
    [14, 19, 21, 16, 11],
    [17, 18, 20, 21, 19],
    [21, 20, 15, 13, 16]
  ]
}
