{
  "edges": [
    [19, 14],
    [14, 25],
    [25, 31],
    [31, 19],
    [25, 37],
    [37, 31],
    [25, 24],
    [24, 36],
    [36, 37],
    [14, 5],
    [5, 13],
    [13, 24],
    [13, 23],
    [23, 24],
    [23, 35],
    [35, 36],
    [7, 17],
    [17, 23],
    [13, 7],
    [7, 10],
    [10, 17],
    [10, 20],
    [20, 29],
    [29, 17],
    [29, 41],
    [41, 35],
    [20, 32],
    [32, 29],
    [32, 44],
    [44, 41],
    [37, 48],
    [48, 43],
    [43, 31],
    [48, 54],
    [54, 56],
    [56, 48],
    [54, 58],
    [58, 59],
    [59, 56],
    [36, 47],
    [47, 54],
    [58, 57],
    [57, 59],
    [57, 53],
    [53, 55],
    [55, 59],
    [47, 52],
    [52, 58],
    [35, 47],
    [41, 52],
    [52, 44],
    [44, 51],
    [51, 57],
    [32, 40],
    [40, 51],
    [56, 50],
    [50, 43],
    [50, 39],
    [39, 43],
    [50, 49],
    [49, 38],
    [38, 39],
    [55, 49],
    [49, 42],
    [42, 38],
    [42, 46],
    [46, 34],
    [34, 30],
    [30, 42],
    [55, 46],
    [53, 46],
    [51, 45],
    [45, 53],
    [45, 33],
    [33, 34],
    [40, 45],
    [40, 28],
    [28, 33],
    [38, 26],
    [26, 27],
    [27, 39],
    [26, 15],
    [15, 27],
    [26, 18],
    [18, 8],
    [8, 15],
    [30, 18],
    [18, 12],
    [12, 8],
    [12, 4],
    [4, 2],
    [2, 8],
    [30, 22],
    [22, 12],
    [34, 22],
    [33, 21],
    [21, 22],
    [21, 11],
    [11, 4],
    [28, 21],
    [28, 16],
    [16, 11],
    [15, 9],
    [9, 19],
    [19, 27],
    [9, 14],
    [9, 3],
    [3, 5],
    [2, 3],
    [3, 1],
    [1, 5],
    [1, 7],
    [2, 0],
    [0, 1],
    [4, 0],
    [11, 6],
    [6, 0],
    [6, 10],
    [16, 6],
    [16, 20]
  ],
  "vertices": [
    [-0.966046, -0.051368, 0.253213],
    [-0.95229, 0.30466, -0.018105],
    [-0.940892, -0.323, -0.101952],
    [-0.927135, 0.033028, -0.37327],
    [-0.826492, -0.473879, 0.30389],
    [-0.790478, 0.458215, -0.40643],
    [-0.767188, 0.060532, 0.63856],
    [-0.744929, 0.636598, 0.199559],
    [-0.701332, -0.650609, -0.291274],
    [-0.679074, -0.074543, -0.730275],
    [-0.63053, 0.485719, 0.6054],
    [-0.627634, -0.361979, 0.689237],
    [-0.586933, -0.801488, 0.114568],
    [-0.583117, 0.790154, -0.188766],
    [-0.542416, 0.350644, -0.763435],
    [-0.53952, -0.497054, -0.679599],
    [-0.420274, -0.03004, 0.9069],
    [-0.397364, 0.817911, 0.416083],
    [-0.338872, -0.909059, -0.242438],
    [-0.302857, 0.023036, -0.952757],
    [-0.283617, 0.395147, 0.87374],
    [-0.265174, -0.620429, 0.738072],
    [-0.240019, -0.892061, 0.382907],
    [-0.235552, 0.971466, 0.027758],
    [-0.206901, 0.887732, -0.411248],
    [-0.181746, 0.6161, -0.766413],
    [-0.17706, -0.755504, -0.630763],
    [-0.163303, -0.399475, -0.902081],
    [-0.057814, -0.288491, 0.955736],
    [-0.05045, 0.727338, 0.684423],
    [0.008042, -0.999632, 0.025902],
    [0.057813, 0.288491, -0.955736],
    [0.163303, 0.399477, 0.902082],
    [0.181745, -0.616099, 0.766414],
    [0.2069, -0.887731, 0.411249],
    [0.211368, 0.975796, 0.0561],
    [0.240019, 0.892062, -0.382907],
    [0.265173, 0.62043, -0.738072],
    [0.26986, -0.751174, -0.602422],
    [0.283616, -0.395146, -0.873739],
    [0.302857, -0.023034, 0.952758],
    [0.325767, 0.824917, 0.461941],
    [0.384259, -0.902053, -0.19658],
    [0.420273, 0.030041, -0.9069],
    [0.539519, 0.497055, 0.6796],
    [0.542416, -0.350643, 0.763436],
    [0.583117, -0.790152, 0.188767],
    [0.586933, 0.801489, -0.114567],
    [0.627634, 0.36198, -0.689236],
    [0.658347, -0.625824, -0.418238],
    [0.672103, -0.269795, -0.689555],
    [0.679073, 0.074544, 0.730276],
    [0.701332, 0.65061, 0.291275],
    [0.790477, -0.458214, 0.40643],
    [0.826492, 0.473881, -0.303889],
    [0.857205, -0.513923, -0.03289],
    [0.879463, 0.062143, -0.471892],
    [0.927134, -0.033027, 0.37327],
    [0.940891, 0.323002, 0.101953],
    [0.993863, -0.088736, -0.06605]
  ],
  "name": "metabigyrate rhombicosidodecahedron",
  "faces": [
    [31, 25, 37],
    [13, 23, 24],
    [7, 10, 17],
    [20, 32, 29],
    [48, 54, 56],
    [58, 57, 59],
    [36, 35, 47],
    [41, 44, 52],
    [43, 50, 39],
    [49, 42, 38],
    [55, 53, 46],
    [51, 40, 45],
    [27, 26, 15],
    [18, 12, 8],
    [30, 34, 22],
    [33, 28, 21],
    [19, 9, 14],
    [3, 1, 5],
    [2, 4, 0],
    [11, 16, 6],
    [19, 14, 25, 31],
    [25, 24, 36, 37],
    [24, 23, 35, 36],
    [7, 17, 23, 13],
    [10, 20, 29, 17],
    [29, 32, 44, 41],
    [31, 37, 48, 43],
    [54, 58, 59, 56],
    [59, 57, 53, 55],
    [47, 52, 58, 54],
    [35, 41, 52, 47],
    [44, 32, 40, 51],
    [48, 56, 50, 43],
    [50, 49, 38, 39],
    [42, 46, 34, 30],
    [55, 46, 42, 49],
    [57, 51, 45, 53],
    [45, 40, 28, 33],
    [39, 38, 26, 27],
    [26, 18, 8, 15],
    [8, 12, 4, 2],
    [30, 22, 12, 18],
    [34, 33, 21, 22],
    [21, 28, 16, 11],
    [27, 15, 9, 19],
    [9, 3, 5, 14],
    [5, 1, 7, 13],
    [2, 0, 1, 3],
    [4, 11, 6, 0],
    [6, 16, 20, 10],
    [14, 5, 13, 24, 25],
    [17, 29, 41, 35, 23],
    [37, 36, 47, 54, 48],
    [52, 44, 51, 57, 58],
    [56, 59, 55, 49, 50],
    [53, 45, 33, 34, 46],
    [38, 42, 30, 18, 26],
    [22, 21, 11, 4, 12],
    [15, 8, 2, 3, 9],
    [0, 6, 10, 7, 1],
    [19, 31, 43, 39, 27],
    [16, 28, 40, 32, 20]
  ]
}
