{
  "faces": [
    [0, 1, 4, 2],
    [0, 2, 6, 3],
    [1, 5, 8, 4],
    [3, 6, 10, 7],
    [5, 9, 12, 8],
    [7, 10, 14, 11],
    [9, 13, 15, 12],
    [11, 14, 15, 13],
    [0, 3, 7, 11, 13, 9, 5, 1],
    [2, 4, 8, 12, 15, 14, 10, 6]
  ],
  "edges": [
    [13, 15],
    [3, 7],
    [3, 6],
    [1, 5],
    [10, 6],
    [11, 14],
    [9, 5],
    [0, 2],
    [9, 13],
    [9, 12],
    [2, 6],
    [0, 1],
    [8, 4],
    [12, 15],
    [11, 7],
    [10, 14],
    [8, 5],
    [8, 12],
    [0, 3],
    [2, 4],
    [14, 15],
    [10, 7],
    [1, 4],
    [11, 13]
  ],
  "name": "octagonal prism",
  "vertices": [
    [0.0, 0.0, 1.070722],
    [0.7148135, 0.0, 0.7971752],
    [-0.104682, 0.7071068, 0.7971752],
    [-0.6841528, -0.2071068, 0.7971752],
    [0.6101315, 0.7071068, 0.5236279],
    [1.04156, -0.2071068, 0.1367736],
    [-0.7888348, 0.5, 0.5236279],
    [-0.9368776, -0.5, 0.1367736],
    [0.9368776, 0.5, -0.1367736],
    [0.7888348, -0.5, -0.5236279],
    [-1.04156, 0.2071068, -0.1367736],
    [-0.6101315, -0.7071068, -0.5236279],
    [0.6841528, 0.2071068, -0.7971752],
    [0.104682, -0.7071068, -0.7971752],
    [-0.7148135, 0.0, -0.7971752],
    [0.0, 0.0, -1.070722]
  ]
}
