{
  "edges": [
    [32, 22],
    [22, 16],
    [16, 27],
    [27, 32],
    [16, 19],
    [19, 27],
    [16, 7],
    [7, 9],
    [9, 19],
    [22, 14],
    [14, 5],
    [5, 7],
    [7, 1],
    [1, 9],
    [1, 3],
    [3, 11],
    [11, 9],
    [5, 0],
    [0, 1],
    [5, 6],
    [6, 0],
    [6, 8],
    [8, 2],
    [2, 0],
    [2, 4],
    [4, 3],
    [8, 10],
    [10, 2],
    [10, 13],
    [13, 4],
    [19, 26],
    [26, 36],
    [36, 27],
    [26, 38],
    [38, 36],
    [26, 24],
    [24, 34],
    [34, 38],
    [11, 24],
    [11, 18],
    [18, 24],
    [18, 30],
    [30, 34],
    [3, 12],
    [12, 18],
    [4, 12],
    [13, 20],
    [20, 12],
    [20, 31],
    [31, 30],
    [13, 25],
    [25, 20],
    [25, 35],
    [35, 31],
    [38, 46],
    [46, 44],
    [44, 36],
    [46, 52],
    [52, 44],
    [46, 48],
    [48, 54],
    [54, 52],
    [34, 40],
    [40, 48],
    [48, 49],
    [49, 54],
    [49, 47],
    [47, 53],
    [53, 54],
    [40, 41],
    [41, 49],
    [30, 40],
    [31, 41],
    [41, 35],
    [35, 39],
    [39, 47],
    [25, 28],
    [28, 39],
    [52, 50],
    [50, 42],
    [42, 44],
    [50, 51],
    [51, 43],
    [43, 33],
    [33, 23],
    [23, 15],
    [15, 14],
    [32, 42],
    [53, 51],
    [53, 45],
    [45, 43],
    [47, 45],
    [39, 37],
    [37, 45],
    [37, 29],
    [29, 33],
    [28, 37],
    [28, 21],
    [21, 29],
    [15, 6],
    [29, 17],
    [17, 23],
    [17, 8],
    [21, 17],
    [21, 10]
  ],
  "vertices": [
    [-0.965273, -0.178368, -0.195819],
    [-0.921193, 0.268836, -0.202934],
    [-0.899923, -0.317663, 0.226452],
    [-0.828599, 0.405929, 0.214939],
    [-0.815454, 0.043453, 0.480314],
    [-0.804857, -0.20085, -0.615041],
    [-0.791711, -0.563327, -0.349666],
    [-0.760776, 0.246354, -0.622156],
    [-0.726361, -0.702622, 0.072605],
    [-0.676307, 0.60747, -0.368293],
    [-0.633767, -0.565529, 0.490477],
    [-0.583713, 0.744563, 0.049579],
    [-0.582414, 0.411487, 0.590902],
    [-0.549298, -0.204413, 0.74434],
    [-0.479947, -0.376522, -0.871086],
    [-0.466801, -0.738998, -0.605711],
    [-0.408623, 0.347071, -0.882598],
    [-0.361062, -0.964382, 0.077537],
    [-0.337528, 0.750121, 0.425542],
    [-0.324153, 0.708187, -0.628736],
    [-0.316259, 0.163621, 0.854928],
    [-0.268468, -0.827289, 0.49541],
    [-0.235061, -0.037888, -1.036445],
    [-0.200645, -0.986864, -0.341685],
    [-0.174334, 0.930008, 0.047397],
    [-0.131794, -0.242991, 0.906168],
    [-0.013917, 0.907526, -0.371825],
    [0.000756, 0.532515, -0.88478],
    [0.041768, -0.62795, 0.752321],
    [0.056442, -1.00296, 0.239365],
    [0.079975, 0.711542, 0.58737],
    [0.093121, 0.349066, 0.852745],
    [0.174319, 0.147557, -1.038628],
    [0.216858, -1.025442, -0.179857],
    [0.24317, 0.89143, 0.209225],
    [0.277585, -0.057546, 0.903985],
    [0.310993, 0.731855, -0.62787],
    [0.366678, -0.803621, 0.496276],
    [0.403586, 0.868948, -0.209997],
    [0.451147, -0.442505, 0.750138],
    [0.509326, 0.643564, 0.473251],
    [0.522471, 0.281088, 0.738626],
    [0.591822, 0.108979, -0.8768],
    [0.626237, -0.839998, -0.182039],
    [0.676292, 0.470095, -0.622937],
    [0.718831, -0.702904, 0.235834],
    [0.768885, 0.607188, -0.205064],
    [0.8033, -0.341788, 0.489696],
    [0.834235, 0.467893, 0.217206],
    [0.847381, 0.105416, 0.482581],
    [0.857978, -0.138887, -0.612774],
    [0.871123, -0.501364, -0.347399],
    [0.942447, 0.222229, -0.358911],
    [0.963717, -0.36427, 0.070474],
    [1.007798, 0.082934, 0.063359]
  ],
  "name": "paragyrate diminished rhombicosidodecahedron",
  "faces": [
    [27, 16, 19],
    [7, 1, 9],
    [5, 6, 0],
    [8, 10, 2],
    [36, 26, 38],
    [11, 18, 24],
    [3, 4, 12],
    [13, 25, 20],
    [44, 46, 52],
    [48, 49, 54],
    [34, 30, 40],
    [31, 35, 41],
    [53, 47, 45],
    [39, 28, 37],
    [29, 21, 17],
    [32, 22, 16, 27],
    [16, 7, 9, 19],
    [9, 1, 3, 11],
    [5, 0, 1, 7],
    [6, 8, 2, 0],
    [2, 10, 13, 4],
    [27, 19, 26, 36],
    [26, 24, 34, 38],
    [24, 18, 30, 34],
    [3, 12, 18, 11],
    [4, 13, 20, 12],
    [20, 25, 35, 31],
    [36, 38, 46, 44],
    [46, 48, 54, 52],
    [54, 49, 47, 53],
    [40, 41, 49, 48],
    [30, 31, 41, 40],
    [35, 25, 28, 39],
    [44, 52, 50, 42],
    [53, 45, 43, 51],
    [47, 39, 37, 45],
    [37, 28, 21, 29],
    [14, 15, 6, 5],
    [33, 29, 17, 23],
    [17, 21, 10, 8],
    [22, 14, 5, 7, 16],
    [0, 2, 4, 3, 1],
    [19, 9, 11, 24, 26],
    [12, 20, 31, 30, 18],
    [38, 34, 40, 48, 46],
    [41, 35, 39, 47, 49],
    [52, 54, 53, 51, 50],
    [45, 37, 29, 33, 43],
    [23, 17, 8, 6, 15],
    [32, 27, 36, 44, 42],
    [21, 28, 25, 13, 10],
    [42, 50, 51, 43, 33, 23, 15, 14, 22, 32]
  ]
}
