{
  "edges": [
    [6, 8],
    [8, 14],
    [14, 18],
    [18, 12],
    [12, 6],
    [17, 11],
    [11, 12],
    [18, 20],
    [20, 17],
    [5, 2],
    [2, 6],
    [11, 5],
    [1, 4],
    [4, 8],
    [2, 1],
    [10, 16],
    [16, 14],
    [4, 10],
    [1, 3],
    [3, 9],
    [9, 10],
    [17, 13],
    [13, 7],
    [7, 5],
    [20, 19],
    [19, 15],
    [15, 13],
    [9, 15],
    [19, 16],
    [3, 7],
    [0, 7],
    [3, 0],
    [1, 0],
    [0, 5],
    [0, 2],
    [21, 18],
    [14, 21],
    [16, 21],
    [21, 20],
    [21, 19]
  ],
  "vertices": [
    [-0.987924, -0.168105, -0.565605],
    [-0.950092, -0.216897, 0.133657],
    [-0.877263, 0.407337, -0.179083],
    [-0.637339, -0.699196, -0.269274],
    [-0.609869, -0.193139, 0.747222],
    [-0.519498, 0.310837, -0.775297],
    [-0.492028, 0.816894, 0.241199],
    [-0.371218, -0.373038, -0.831038],
    [-0.32677, 0.445779, 0.813687],
    [-0.103824, -0.973514, 0.095267],
    [-0.086847, -0.660753, 0.723496],
    [0.086847, 0.660753, -0.723496],
    [0.103824, 0.973513, -0.095267],
    [0.32677, -0.44578, -0.813687],
    [0.371218, 0.373038, 0.831038],
    [0.492028, -0.816894, -0.241199],
    [0.519498, -0.310837, 0.775297],
    [0.609869, 0.193139, -0.747222],
    [0.637339, 0.699195, 0.269274],
    [0.877262, -0.407338, 0.179083],
    [0.950092, 0.216897, -0.133657],
    [0.987924, 0.168105, 0.565605]
  ],
  "name": "parabiaugmented dodecahedron",
  "faces": [
    [0, 7, 3],
    [0, 3, 1],
    [0, 5, 7],
    [0, 2, 5],
    [2, 0, 1],
    [21, 18, 14],
    [21, 14, 16],
    [21, 20, 18],
    [21, 19, 20],
    [19, 21, 16],
    [6, 8, 14, 18, 12],
    [17, 11, 12, 18, 20],
    [5, 2, 6, 12, 11],
    [1, 4, 8, 6, 2],
    [10, 16, 14, 8, 4],
    [4, 1, 3, 9, 10],
    [11, 17, 13, 7, 5],
    [20, 19, 15, 13, 17],
    [16, 10, 9, 15, 19],
    [15, 9, 3, 7, 13]
  ]
}
