{
  "edges": [
    [5, 3],
    [3, 9],
    [9, 15],
    [15, 12],
    [12, 5],
    [5, 1],
    [1, 0],
    [0, 3],
    [0, 2],
    [2, 3],
    [2, 7],
    [7, 9],
    [7, 16],
    [16, 9],
    [16, 21],
    [21, 15],
    [21, 23],
    [23, 15],
    [23, 19],
    [19, 12],
    [19, 14],
    [14, 12],
    [14, 6],
    [6, 5],
    [6, 1],
    [18, 22],
    [22, 17],
    [17, 10],
    [10, 11],
    [11, 18],
    [18, 13],
    [13, 14],
    [19, 24],
    [24, 18],
    [24, 22],
    [23, 24],
    [21, 20],
    [20, 22],
    [20, 17],
    [16, 20],
    [7, 8],
    [8, 17],
    [8, 10],
    [2, 8],
    [0, 4],
    [4, 10],
    [4, 11],
    [1, 4],
    [6, 13],
    [13, 11]
  ],
  "vertices": [
    [-1.086754, 0.270723, -0.02221],
    [-0.951485, 0.016307, 0.590957],
    [-0.844123, 0.345447, -0.65034],
    [-0.727726, -0.227595, -0.308179],
    [-0.678317, 0.606577, 0.401324],
    [-0.592457, -0.482012, 0.304989],
    [-0.489983, -0.320625, 0.954953],
    [-0.316268, 0.211936, -1.053507],
    [-0.285732, 0.727482, -0.61501],
    [-0.199871, -0.361106, -0.711346],
    [-0.183258, 0.888869, 0.034954],
    [-0.047989, 0.634452, 0.648121],
    [0.019, -0.772761, 0.28078],
    [0.068408, 0.06141, 0.990283],
    [0.121473, -0.611374, 0.930744],
    [0.261631, -0.698037, -0.34735],
    [0.295188, -0.078813, -1.077716],
    [0.344597, 0.755358, -0.368213],
    [0.563468, 0.343703, 0.623912],
    [0.649328, -0.744886, 0.527576],
    [0.703625, 0.25704, -0.654181],
    [0.75669, -0.415745, -0.71372],
    [0.806099, 0.418427, -0.004217],
    [0.891959, -0.670162, -0.100552],
    [0.922496, -0.154616, 0.337944]
  ],
  "name": "pentagonal orthocupolarotunda",
  "faces": [
    [3, 0, 2],
    [9, 7, 16],
    [15, 21, 23],
    [12, 19, 14],
    [5, 6, 1],
    [18, 24, 22],
    [24, 19, 23],
    [22, 20, 17],
    [20, 21, 16],
    [17, 8, 10],
    [8, 7, 2],
    [10, 4, 11],
    [4, 0, 1],
    [11, 13, 18],
    [13, 6, 14],
    [3, 5, 1, 0],
    [9, 3, 2, 7],
    [15, 9, 16, 21],
    [12, 15, 23, 19],
    [5, 12, 14, 6],
    [5, 3, 9, 15, 12],
    [18, 22, 17, 10, 11],
    [18, 13, 14, 19, 24],
    [22, 24, 23, 21, 20],
    [17, 20, 16, 7, 8],
    [10, 8, 2, 0, 4],
    [11, 4, 1, 6, 13]
  ]
}
