{
  "edges": [
    [15, 14],
    [14, 21],
    [21, 27],
    [27, 23],
    [23, 15],
    [15, 17],
    [17, 8],
    [8, 3],
    [3, 7],
    [7, 15],
    [7, 14],
    [3, 1],
    [1, 7],
    [1, 5],
    [5, 12],
    [12, 14],
    [12, 21],
    [5, 11],
    [11, 12],
    [11, 20],
    [20, 25],
    [25, 21],
    [25, 27],
    [20, 26],
    [26, 25],
    [26, 28],
    [28, 29],
    [29, 27],
    [29, 23],
    [28, 24],
    [24, 29],
    [24, 18],
    [18, 17],
    [17, 23],
    [18, 8],
    [4, 13],
    [13, 16],
    [16, 9],
    [9, 2],
    [2, 4],
    [4, 0],
    [0, 3],
    [8, 10],
    [10, 4],
    [10, 13],
    [18, 10],
    [24, 22],
    [22, 13],
    [22, 16],
    [28, 22],
    [26, 19],
    [19, 16],
    [19, 9],
    [20, 19],
    [11, 6],
    [6, 9],
    [6, 2],
    [5, 6],
    [1, 0],
    [0, 2]
  ],
  "vertices": [
    [-0.976027, 0.021192, 0.216616],
    [-0.8986, -0.336852, -0.281155],
    [-0.800821, 0.595002, 0.068255],
    [-0.778424, -0.560713, 0.282236],
    [-0.680644, 0.371141, 0.631647],
    [-0.675542, 0.015675, -0.737155],
    [-0.615111, 0.591592, -0.521207],
    [-0.523949, -0.823998, -0.215648],
    [-0.360916, -0.5704, 0.737823],
    [-0.319728, 0.941541, -0.106177],
    [-0.300485, 0.005517, 0.953771],
    [-0.19445, 0.362214, -0.911587],
    [-0.163033, -0.253598, -0.953472],
    [-0.125279, 0.579327, 0.80541],
    [-0.069344, -0.772544, -0.631163],
    [0.050833, -0.996405, -0.067772],
    [0.097779, 0.931854, 0.34941],
    [0.151593, -0.839673, 0.521506],
    [0.194449, -0.362214, 0.911587],
    [0.283489, 0.928444, -0.240052],
    [0.360916, 0.5704, -0.737823],
    [0.411749, -0.426005, -0.805595],
    [0.477939, 0.56623, 0.671534],
    [0.606198, -0.788219, 0.105992],
    [0.675542, -0.015675, 0.737155],
    [0.735567, 0.083254, -0.672317],
    [0.778423, 0.560713, -0.282236],
    [0.829257, -0.435692, -0.350008],
    [0.8986, 0.336852, 0.281155],
    [0.930017, -0.27896, 0.23927]
  ],
  "name": "pentagonal orthobirotunda",
  "faces": [
    [15, 7, 14],
    [7, 3, 1],
    [14, 12, 21],
    [12, 5, 11],
    [21, 25, 27],
    [25, 20, 26],
    [27, 29, 23],
    [29, 28, 24],
    [23, 17, 15],
    [17, 18, 8],
    [4, 10, 13],
    [10, 8, 18],
    [13, 22, 16],
    [22, 24, 28],
    [16, 19, 9],
    [19, 26, 20],
    [9, 6, 2],
    [6, 11, 5],
    [2, 0, 4],
    [0, 1, 3],
    [15, 14, 21, 27, 23],
    [15, 17, 8, 3, 7],
    [14, 7, 1, 5, 12],
    [21, 12, 11, 20, 25],
    [27, 25, 26, 28, 29],
    [23, 29, 24, 18, 17],
    [4, 13, 16, 9, 2],
    [4, 0, 3, 8, 10],
    [13, 10, 18, 24, 22],
    [16, 22, 28, 26, 19],
    [9, 19, 20, 11, 6],
    [2, 6, 5, 1, 0]
  ]
}
