{
  "edges": [
    [2, 0],
    [0, 3],
    [3, 8],
    [8, 14],
    [14, 18],
    [18, 19],
    [19, 17],
    [17, 13],
    [13, 7],
    [7, 2],
    [11, 12],
    [12, 9],
    [9, 4],
    [4, 6],
    [6, 11],
    [11, 10],
    [10, 13],
    [17, 16],
    [16, 11],
    [16, 12],
    [19, 16],
    [18, 15],
    [15, 12],
    [15, 9],
    [14, 15],
    [8, 5],
    [5, 9],
    [5, 4],
    [3, 5],
    [0, 1],
    [1, 4],
    [1, 6],
    [2, 1],
    [7, 10],
    [10, 6]
  ],
  "vertices": [
    [-0.905691, -0.396105, -0.539844],
    [-0.883472, -0.258791, 0.103519],
    [-0.719735, -0.859265, -0.110695],
    [-0.703659, 0.13708, -0.868724],
    [-0.667708, 0.359259, 0.17226],
    [-0.556577, 0.60392, -0.428619],
    [-0.481752, -0.103901, 0.60141],
    [-0.21682, -1.075487, 0.254804],
    [-0.190808, 0.536633, -0.971712],
    [-0.154857, 0.758811, 0.069272],
    [-0.069738, -0.608646, 0.694909],
    [0.146026, 0.009404, 0.76365],
    [0.348059, 0.542589, 0.434771],
    [0.410958, -0.962182, 0.417045],
    [0.436971, 0.649937, -0.809472],
    [0.45919, 0.787251, -0.166109],
    [0.760072, 0.037844, 0.52827],
    [0.923809, -0.562629, 0.314056],
    [0.939886, 0.433715, -0.443973],
    [1.125842, -0.029444, -0.014823]
  ],
  "name": "pentagonal rotunda",
  "faces": [
    [11, 16, 12],
    [16, 17, 19],
    [12, 15, 9],
    [15, 18, 14],
    [9, 5, 4],
    [5, 8, 3],
    [4, 1, 6],
    [1, 0, 2],
    [6, 10, 11],
    [10, 7, 13],
    [11, 12, 9, 4, 6],
    [11, 10, 13, 17, 16],
    [12, 16, 19, 18, 15],
    [9, 15, 14, 8, 5],
    [4, 5, 3, 0, 1],
    [6, 1, 2, 7, 10],
    [2, 0, 3, 8, 14, 18, 19, 17, 13, 7]
  ]
}
