{
  "faces": [
    [0, 1, 4, 2],
    [0, 2, 6, 3],
    [1, 5, 8, 4],
    [3, 6, 9, 7],
    [5, 7, 9, 8],
    [0, 3, 7, 5, 1],
    [2, 4, 8, 9, 6]
  ],
  "edges": [
    [2, 4],
    [5, 7],
    [8, 4],
    [1, 5],
    [3, 6],
    [2, 6],
    [1, 4],
    [9, 6],
    [3, 7],
    [8, 9],
    [8, 5],
    [0, 2],
    [9, 7],
    [0, 3],
    [0, 1]
  ],
  "name": "pentagonal prism",
  "vertices": [
    [0.0, 0.0, 1.159953],
    [1.013464, 0.0, 0.5642542],
    [-0.3501431, 0.9510565, 0.5642542],
    [-0.7715208, -0.6571639, 0.5642542],
    [0.6633206, 0.9510565, -0.03144481],
    [0.8682979, -0.6571639, -0.3996071],
    [-1.121664, 0.2938926, -0.03144481],
    [-0.2348831, -1.063314, -0.3996071],
    [0.5181548, 0.2938926, -0.9953061],
    [-0.5850262, -0.112257, -0.9953061]
  ]
}
