{
  "edges": [
    [3, 2],
    [2, 0],
    [0, 3],
    [2, 1],
    [1, 0],
    [2, 5],
    [5, 1],
    [0, 4],
    [4, 3],
    [1, 4],
    [5, 4],
    [3, 6],
    [6, 2],
    [4, 6],
    [6, 5]
  ],
  "vertices": [
    [-1.028778, 0.392027, -0.048786],
    [-0.640503, -0.646161, 0.621837],
    [-0.125162, -0.395663, -0.540059],
    [0.004683, 0.888447, -0.651988],
    [0.125161, 0.395663, 0.540059],
    [0.632925, -0.791376, 0.433102],
    [1.031672, 0.157063, -0.354165]
  ],
  "name": "pentagonal bipyramid",
  "faces": [
    [3, 2, 0],
    [2, 1, 0],
    [2, 5, 1],
    [0, 4, 3],
    [0, 1, 4],
    [4, 1, 5],
    [2, 3, 6],
    [3, 4, 6],
    [5, 2, 6],
    [4, 5, 6]
  ]
}
