{
  "faces": [
    [0, 2, 3],
    [1, 6, 5],
    [4, 9, 11],
    [7, 15, 13],
    [8, 16, 10],
    [12, 14, 19],
    [17, 22, 18],
    [20, 21, 23],
    [0, 1, 5, 2],
    [0, 3, 9, 4],
    [0, 4, 7, 1],
    [1, 7, 13, 6],
    [2, 5, 12, 8],
    [2, 8, 10, 3],
    [3, 10, 17, 9],
    [4, 11, 15, 7],
    [5, 6, 14, 12],
    [6, 13, 20, 14],
    [8, 12, 19, 16],
    [9, 17, 18, 11],
    [10, 16, 22, 17],
    [11, 18, 21, 15],
    [13, 15, 21, 20],
    [14, 20, 23, 19],
    [16, 19, 23, 22],
    [18, 22, 23, 21]
  ],
  "edges": [
    [13, 15],
    [16, 22],
    [15, 7],
    [20, 13],
    [5, 6],
    [18, 22],
    [22, 23],
    [8, 2],
    [17, 22],
    [20, 14],
    [21, 23],
    [20, 23],
    [19, 23],
    [12, 5],
    [9, 11],
    [17, 18],
    [10, 3],
    [16, 19],
    [9, 3],
    [11, 15],
    [2, 3],
    [0, 2],
    [1, 6],
    [1, 5],
    [20, 21],
    [9, 4],
    [14, 6],
    [17, 10],
    [0, 4],
    [2, 5],
    [8, 12],
    [12, 14],
    [18, 21],
    [19, 12],
    [18, 11],
    [16, 10],
    [0, 3],
    [13, 6],
    [1, 7],
    [8, 16],
    [19, 14],
    [13, 7],
    [17, 9],
    [11, 4],
    [21, 15],
    [8, 10],
    [0, 1],
    [4, 7]
  ],
  "name": "rhombicuboctahedron",
  "vertices": [
    [0.0, 0.0, 1.070722],
    [0.7148135, 0.0, 0.7971752],
    [-0.104682, 0.7071068, 0.7971752],
    [-0.6841528, 0.2071068, 0.7971752],
    [-0.104682, -0.7071068, 0.7971752],
    [0.6101315, 0.7071068, 0.5236279],
    [1.04156, 0.2071068, 0.1367736],
    [0.6101315, -0.7071068, 0.5236279],
    [-0.3574067, 1.0, 0.1367736],
    [-0.7888348, -0.5, 0.5236279],
    [-0.9368776, 0.5, 0.1367736],
    [-0.3574067, -1.0, 0.1367736],
    [0.3574067, 1.0, -0.1367736],
    [0.9368776, -0.5, -0.1367736],
    [0.7888348, 0.5, -0.5236279],
    [0.3574067, -1.0, -0.1367736],
    [-0.6101315, 0.7071068, -0.5236279],
    [-1.04156, -0.2071068, -0.1367736],
    [-0.6101315, -0.7071068, -0.5236279],
    [0.104682, 0.7071068, -0.7971752],
    [0.6841528, -0.2071068, -0.7971752],
    [0.104682, -0.7071068, -0.7971752],
    [-0.7148135, 0.0, -0.7971752],
    [0.0, 0.0, -1.070722]
  ]
}
