{
  "edges": [
    [13, 11],
    [11, 4],
    [4, 6],
    [6, 13],
    [13, 9],
    [9, 14],
    [14, 13],
    [6, 9],
    [6, 3],
    [3, 9],
    [11, 15],
    [15, 12],
    [12, 11],
    [13, 15],
    [14, 15],
    [4, 7],
    [7, 1],
    [1, 4],
    [11, 7],
    [12, 7],
    [6, 0],
    [0, 3],
    [4, 0],
    [1, 0],
    [2, 5],
    [5, 10],
    [10, 8],
    [8, 2],
    [2, 3],
    [0, 2],
    [8, 3],
    [8, 9],
    [5, 1],
    [7, 5],
    [2, 1],
    [10, 12],
    [15, 10],
    [5, 12],
    [8, 14],
    [10, 14]
  ],
  "vertices": [
    [-0.984789, 0.388776, -0.318546],
    [-0.905986, -0.50645, -0.380955],
    [-0.774402, -0.096785, 0.410496],
    [-0.648503, 0.795226, 0.411689],
    [-0.32762, 0.028199, -0.818195],
    [-0.278924, -0.81528, 0.187334],
    [-0.177548, 0.78687, -0.356208],
    [-0.134682, -0.843968, -0.701432],
    [-0.06669, 0.257644, 0.840681],
    [0.229454, 0.996879, 0.419536],
    [0.428788, -0.460851, 0.617519],
    [0.523163, -0.229235, -0.671807],
    [0.55373, -0.948137, -0.129793],
    [0.673235, 0.529435, -0.20982],
    [0.811213, 0.353538, 0.662851],
    [1.079561, -0.235865, 0.03665]
  ],
  "name": "snub square antiprism",
  "faces": [
    [13, 9, 14],
    [9, 13, 6],
    [9, 6, 3],
    [11, 15, 12],
    [15, 11, 13],
    [15, 13, 14],
    [4, 7, 1],
    [7, 4, 11],
    [7, 11, 12],
    [6, 0, 3],
    [0, 6, 4],
    [0, 4, 1],
    [2, 3, 0],
    [3, 2, 8],
    [3, 8, 9],
    [5, 1, 7],
    [1, 5, 2],
    [1, 2, 0],
    [10, 12, 15],
    [12, 10, 5],
    [12, 5, 7],
    [8, 14, 9],
    [14, 8, 10],
    [14, 10, 15],
    [13, 11, 4, 6],
    [2, 5, 10, 8]
  ]
}
