{
  "edges": [
    [1, 0],
    [0, 4],
    [4, 5],
    [5, 1],
    [4, 8],
    [8, 9],
    [9, 5],
    [7, 3],
    [3, 2],
    [2, 7],
    [2, 1],
    [1, 6],
    [6, 2],
    [3, 0],
    [0, 2],
    [5, 6],
    [9, 6],
    [3, 4],
    [3, 8],
    [9, 7],
    [7, 6],
    [8, 7]
  ],
  "vertices": [
    [-1.10165, -0.110367, -0.010645],
    [-0.640942, 0.825699, 0.365159],
    [-0.414409, 0.468967, -0.660083],
    [-0.324965, -0.634882, -0.603383],
    [-0.317654, -0.702618, 0.503439],
    [0.143053, 0.233445, 0.879242],
    [0.402426, 0.84303, -0.010043],
    [0.585642, -0.008843, -0.69593],
    [0.603895, -0.925247, -0.07178],
    [1.064602, 0.010817, 0.304023]
  ],
  "name": "sphenocorona",
  "faces": [
    [7, 3, 2],
    [2, 1, 6],
    [2, 3, 0],
    [2, 0, 1],
    [1, 5, 6],
    [6, 5, 9],
    [3, 4, 0],
    [4, 3, 8],
    [9, 7, 6],
    [9, 8, 7],
    [7, 8, 3],
    [6, 7, 2],
    [1, 0, 4, 5],
    [5, 4, 8, 9]
  ]
}
