{
  "faces": [
    [0, 1, 2],
    [0, 2, 3],
    [0, 3, 4],
    [1, 5, 6],
    [1, 6, 2],
    [3, 7, 4],
    [4, 7, 5],
    [5, 7, 6],
    [0, 4, 5, 1],
    [2, 6, 7, 3]
  ],
  "edges": [
    [5, 7],
    [3, 7],
    [1, 5],
    [1, 2],
    [0, 4],
    [6, 7],
    [4, 7],
    [3, 4],
    [2, 3],
    [0, 2],
    [1, 6],
    [5, 6],
    [4, 5],
    [0, 3],
    [2, 6],
    [0, 1]
  ],
  "name": "square antiprism",
  "vertices": [
    [0.0, 0.0, 1.25928],
    [1.215563, 0.0, 0.3289288],
    [0.2517512, 1.189207, 0.3289288],
    [-1.111284, 0.4925857, 0.3289288],
    [-0.71206, -0.9851714, 0.3289288],
    [0.5035025, -0.9851714, -0.6014224],
    [0.6077813, 0.4925857, -0.9867865],
    [-0.7552537, -0.2040357, -0.9867865]
  ]
}
