{
  "edges": [
    [0, 3],
    [3, 7],
    [7, 8],
    [8, 5],
    [5, 1],
    [1, 0],
    [2, 6],
    [6, 4],
    [4, 2],
    [2, 1],
    [5, 6],
    [8, 6],
    [7, 4],
    [3, 4],
    [0, 2]
  ],
  "vertices": [
    [-0.909743, 0.523083, 0.242386],
    [-0.747863, 0.22787, -0.740794],
    [-0.678803, -0.467344, 0.028562],
    [-0.11453, 0.564337, 0.910169],
    [0.11641, -0.426091, 0.696344],
    [0.209231, -0.02609, -1.056192],
    [0.278291, -0.721304, -0.286836],
    [0.842564, 0.310377, 0.594771],
    [1.004444, 0.015163, -0.38841]
  ],
  "name": "triangular cupola",
  "faces": [
    [2, 6, 4],
    [6, 5, 8],
    [4, 7, 3],
    [2, 0, 1],
    [6, 2, 1, 5],
    [4, 6, 8, 7],
    [2, 4, 3, 0],
    [0, 3, 7, 8, 5, 1]
  ]
}
