{
  "edges": [
    [35, 37],
    [37, 27],
    [27, 25],
    [25, 35],
    [27, 17],
    [17, 25],
    [27, 21],
    [21, 13],
    [13, 17],
    [37, 39],
    [39, 29],
    [29, 21],
    [1, 7],
    [7, 13],
    [29, 31],
    [31, 23],
    [23, 15],
    [15, 9],
    [9, 3],
    [3, 1],
    [17, 11],
    [11, 20],
    [20, 25],
    [11, 12],
    [12, 20],
    [11, 5],
    [5, 6],
    [6, 12],
    [7, 5],
    [5, 0],
    [0, 6],
    [0, 2],
    [2, 8],
    [8, 6],
    [1, 0],
    [3, 4],
    [4, 2],
    [9, 10],
    [10, 4],
    [12, 18],
    [18, 26],
    [26, 20],
    [18, 28],
    [28, 26],
    [18, 14],
    [14, 22],
    [22, 28],
    [8, 14],
    [32, 30],
    [30, 22],
    [10, 16],
    [16, 24],
    [24, 32],
    [28, 38],
    [38, 36],
    [36, 26],
    [38, 40],
    [40, 42],
    [42, 44],
    [44, 43],
    [43, 41],
    [41, 39],
    [35, 36],
    [30, 40],
    [32, 42],
    [24, 34],
    [34, 44],
    [16, 19],
    [19, 34],
    [41, 31],
    [34, 33],
    [33, 43],
    [33, 23],
    [19, 33],
    [19, 15]
  ],
  "vertices": [
    [-0.932936, 0.189273, 0.192295],
    [-0.922398, 0.241407, -0.253129],
    [-0.911995, -0.249962, 0.280987],
    [-0.894943, -0.165606, -0.439724],
    [-0.888514, -0.469289, -0.109623],
    [-0.719187, 0.580372, 0.243128],
    [-0.712758, 0.27669, 0.57323],
    [-0.708649, 0.632507, -0.202295],
    [-0.691817, -0.162545, 0.661922],
    [-0.636773, -0.433068, -0.690809],
    [-0.630343, -0.736751, -0.360707],
    [-0.352393, 0.77395, 0.41407],
    [-0.345964, 0.470268, 0.744172],
    [-0.335341, 0.858306, -0.306641],
    [-0.31208, -0.240428, 0.887678],
    [-0.246498, -0.458817, -0.910477],
    [-0.236095, -0.950186, -0.376361],
    [-0.115163, 0.945723, 0.074294],
    [-0.098331, 0.150671, 0.938511],
    [0.001135, -0.778414, -0.716137],
    [0.027344, 0.696067, 0.639826],
    [0.054934, 0.832556, -0.526309],
    [0.082168, -0.453864, 0.872024],
    [0.12681, -0.233018, -1.014822],
    [0.143641, -1.02807, -0.150605],
    [0.264573, 0.867839, 0.30005],
    [0.274976, 0.37647, 0.834165],
    [0.275112, 0.919973, -0.145374],
    [0.295917, -0.062764, 0.922857],
    [0.313104, 0.565095, -0.777393],
    [0.340339, -0.721326, 0.620939],
    [0.340559, 0.158081, -0.963989],
    [0.36382, -0.940653, 0.23033],
    [0.374442, -0.552615, -0.820483],
    [0.380871, -0.856297, -0.490381],
    [0.658822, 0.654404, 0.284396],
    [0.665251, 0.350721, 0.614498],
    [0.66936, 0.706538, -0.161028],
    [0.686192, -0.088513, 0.703189],
    [0.692841, 0.487211, -0.551637],
    [0.713646, -0.495527, 0.516594],
    [0.720295, 0.080198, -0.738233],
    [0.737127, -0.714854, 0.125984],
    [0.741236, -0.359037, -0.649541],
    [0.747665, -0.662719, -0.31944]
  ],
  "name": "tridiminished rhombicosidodecahedron",
  "faces": [
    [25, 27, 17],
    [20, 11, 12],
    [5, 0, 6],
    [26, 18, 28],
    [34, 19, 33],
    [35, 37, 27, 25],
    [27, 21, 13, 17],
    [25, 17, 11, 20],
    [11, 5, 6, 12],
    [6, 0, 2, 8],
    [7, 1, 0, 5],
    [3, 9, 10, 4],
    [20, 12, 18, 26],
    [18, 14, 22, 28],
    [26, 28, 38, 36],
    [30, 32, 42, 40],
    [24, 16, 19, 34],
    [39, 41, 31, 29],
    [44, 34, 33, 43],
    [33, 19, 15, 23],
    [37, 39, 29, 21, 27],
    [17, 13, 7, 5, 11],
    [1, 3, 4, 2, 0],
    [12, 6, 8, 14, 18],
    [28, 22, 30, 40, 38],
    [32, 24, 34, 44, 42],
    [43, 33, 23, 31, 41],
    [35, 25, 20, 26, 36],
    [19, 16, 10, 9, 15],
    [1, 7, 13, 21, 29, 31, 23, 15, 9, 3],
    [32, 30, 22, 14, 8, 2, 4, 10, 16, 24],
    [36, 38, 40, 42, 44, 43, 41, 39, 37, 35]
  ]
}
