{
  "faces": [
    [0, 3, 1],
    [2, 6, 5],
    [4, 8, 9],
    [7, 10, 11],
    [0, 1, 4, 9, 6, 2],
    [0, 2, 5, 10, 7, 3],
    [1, 3, 7, 11, 8, 4],
    [5, 6, 9, 8, 11, 10]
  ],
  "edges": [
    [3, 7],
    [8, 4],
    [9, 4],
    [11, 7],
    [10, 7],
    [5, 6],
    [2, 6],
    [1, 4],
    [9, 6],
    [10, 5],
    [8, 9],
    [10, 11],
    [0, 2],
    [2, 5],
    [1, 3],
    [8, 11],
    [0, 3],
    [0, 1]
  ],
  "name": "truncated tetrahedron",
  "vertices": [
    [0.0, 0.0, 1.105542],
    [0.8528029, 0.0, 0.7035265],
    [-0.7106691, 0.4714045, 0.7035265],
    [0.3316456, -0.7856742, 0.7035265],
    [0.9949367, 0.4714045, -0.1005038],
    [-1.089693, 0.1571348, -0.1005038],
    [-0.5685352, 0.942809, -0.1005038],
    [-0.04737794, -1.099944, -0.1005038],
    [0.6159132, 0.1571348, -0.904534],
    [0.2842676, 0.942809, -0.5025189],
    [-0.758047, -0.6285394, -0.5025189],
    [0.09475587, -0.6285394, -0.904534]
  ]
}
