{
  "faces": [
    [0, 3, 5, 1],
    [2, 7, 12, 6],
    [4, 9, 15, 10],
    [8, 13, 19, 14],
    [11, 17, 21, 16],
    [18, 20, 23, 22],
    [0, 1, 4, 10, 7, 2],
    [0, 2, 6, 13, 8, 3],
    [1, 5, 11, 16, 9, 4],
    [3, 8, 14, 17, 11, 5],
    [6, 12, 18, 22, 19, 13],
    [7, 10, 15, 20, 18, 12],
    [9, 16, 21, 23, 20, 15],
    [14, 19, 22, 23, 21, 17]
  ],
  "edges": [
    [18, 20],
    [19, 22],
    [18, 22],
    [16, 9],
    [18, 12],
    [1, 5],
    [22, 23],
    [17, 14],
    [10, 15],
    [17, 11],
    [10, 4],
    [12, 7],
    [21, 23],
    [16, 21],
    [3, 5],
    [20, 15],
    [19, 13],
    [20, 23],
    [0, 2],
    [2, 6],
    [0, 1],
    [8, 14],
    [9, 4],
    [17, 21],
    [12, 6],
    [9, 15],
    [8, 3],
    [0, 3],
    [2, 7],
    [13, 6],
    [16, 11],
    [10, 7],
    [1, 4],
    [19, 14],
    [11, 5],
    [8, 13]
  ],
  "name": "truncated octahedron",
  "vertices": [
    [0.0, 0.0, 1.054093],
    [0.6324555, 0.0, 0.843274],
    [-0.421637, 0.4714045, 0.843274],
    [-0.07027284, -0.6285394, 0.843274],
    [0.843274, 0.4714045, 0.421637],
    [0.5621827, -0.6285394, 0.6324555],
    [-0.9135469, 0.3142697, 0.421637],
    [-0.2108185, 0.942809, 0.421637],
    [-0.5621827, -0.7856742, 0.421637],
    [0.9838197, 0.3142697, -0.2108185],
    [0.421637, 0.942809, 0.2108185],
    [0.7027284, -0.7856742, 0.0],
    [-0.7027284, 0.7856742, 0.0],
    [-0.9838197, -0.3142697, 0.2108185],
    [-0.421637, -0.942809, -0.2108185],
    [0.5621827, 0.7856742, -0.421637],
    [0.9135469, -0.3142697, -0.421637],
    [0.2108185, -0.942809, -0.421637],
    [-0.5621827, 0.6285394, -0.6324555],
    [-0.843274, -0.4714045, -0.421637],
    [0.07027284, 0.6285394, -0.843274],
    [0.421637, -0.4714045, -0.843274],
    [-0.6324555, 0.0, -0.843274],
    [0.0, 0.0, -1.054093]
  ]
}
