{
  "edges": [
    [8, 4],
    [4, 1],
    [1, 3],
    [3, 7],
    [7, 8],
    [6, 7],
    [3, 0],
    [0, 2],
    [2, 6],
    [6, 5],
    [5, 8],
    [8, 6],
    [5, 4],
    [2, 5],
    [0, 1],
    [9, 1],
    [0, 9],
    [3, 9]
  ],
  "vertices": [
    [-0.777985, -0.188235, -0.285228],
    [-0.489362, -0.260552, 0.643961],
    [-0.32442, 0.578558, -0.683014],
    [-0.099589, -0.843165, -0.034687],
    [0.142581, 0.461547, 0.820446],
    [0.24452, 0.980145, 0.00033],
    [0.634293, 0.397531, -0.678318],
    [0.773247, -0.481142, -0.27763],
    [0.922916, 0.325215, 0.250871],
    [-1.026197, -0.969903, 0.24327]
  ],
  "name": "augmented tridiminished icosahedron",
  "faces": [
    [6, 5, 8],
    [5, 4, 8],
    [8, 7, 6],
    [6, 2, 5],
    [9, 1, 0],
    [9, 0, 3],
    [9, 3, 1],
    [8, 4, 1, 3, 7],
    [6, 7, 3, 0, 2],
    [1, 4, 5, 2, 0]
  ]
}
