{
  "edges": [
    [18, 20],
    [20, 16],
    [16, 11],
    [11, 12],
    [12, 18],
    [6, 4],
    [4, 11],
    [16, 13],
    [13, 6],
    [1, 7],
    [7, 12],
    [4, 1],
    [8, 15],
    [15, 18],
    [7, 8],
    [17, 19],
    [19, 20],
    [15, 17],
    [14, 13],
    [19, 14],
    [17, 10],
    [10, 9],
    [9, 14],
    [8, 5],
    [5, 10],
    [6, 3],
    [3, 0],
    [0, 1],
    [9, 3],
    [5, 0],
    [2, 0],
    [5, 2],
    [8, 2],
    [2, 1],
    [2, 7]
  ],
  "vertices": [
    [-0.906673, 0.136106, 0.246909],
    [-0.827056, 0.097501, -0.456089],
    [-0.822039, 0.728118, -0.133084],
    [-0.682157, -0.474972, 0.526574],
    [-0.553334, -0.537436, -0.610901],
    [-0.48677, 0.654002, 0.486704],
    [-0.463781, -0.891244, -0.003583],
    [-0.357947, 0.591537, -0.650771],
    [-0.147639, 0.935474, -0.068093],
    [-0.123496, -0.334743, 0.939211],
    [-0.00274, 0.363001, 0.91457],
    [0.084945, -0.435813, -0.901263],
    [0.2057, 0.261931, -0.925903],
    [0.229843, -1.008285, 0.0814],
    [0.440151, -0.664349, 0.664079],
    [0.545986, 0.818432, 0.01689],
    [0.568974, -0.726814, -0.473396],
    [0.635538, 0.464625, 0.624209],
    [0.764361, 0.40216, -0.513266],
    [0.90926, -0.170313, 0.469397],
    [0.988877, -0.208918, -0.233601]
  ],
  "name": "augmented dodecahedron",
  "faces": [
    [2, 0, 5],
    [2, 5, 8],
    [2, 1, 0],
    [2, 7, 1],
    [7, 2, 8],
    [18, 20, 16, 11, 12],
    [6, 4, 11, 16, 13],
    [1, 7, 12, 11, 4],
    [8, 15, 18, 12, 7],
    [17, 19, 20, 18, 15],
    [14, 13, 16, 20, 19],
    [19, 17, 10, 9, 14],
    [15, 8, 5, 10, 17],
    [4, 6, 3, 0, 1],
    [13, 14, 9, 3, 6],
    [3, 9, 10, 5, 0]
  ]
}
