{
  "edges": [
    [31, 26],
    [26, 19],
    [19, 9],
    [9, 5],
    [5, 3],
    [3, 7],
    [7, 17],
    [17, 24],
    [24, 30],
    [30, 31],
    [34, 30],
    [24, 34],
    [59, 53],
    [53, 44],
    [44, 36],
    [36, 31],
    [34, 41],
    [41, 51],
    [51, 57],
    [57, 59],
    [45, 51],
    [41, 45],
    [36, 26],
    [37, 27],
    [27, 21],
    [21, 16],
    [16, 19],
    [44, 49],
    [49, 47],
    [47, 37],
    [53, 49],
    [16, 9],
    [8, 4],
    [4, 0],
    [0, 1],
    [1, 5],
    [21, 20],
    [20, 14],
    [14, 8],
    [27, 20],
    [1, 3],
    [10, 12],
    [12, 13],
    [13, 11],
    [11, 7],
    [0, 2],
    [2, 6],
    [6, 10],
    [4, 2],
    [11, 17],
    [39, 45],
    [13, 22],
    [22, 32],
    [32, 39],
    [12, 22],
    [50, 40],
    [40, 33],
    [33, 28],
    [28, 29],
    [29, 35],
    [35, 42],
    [42, 52],
    [52, 58],
    [58, 56],
    [56, 50],
    [62, 56],
    [58, 62],
    [39, 38],
    [38, 43],
    [43, 50],
    [62, 63],
    [63, 57],
    [63, 59],
    [43, 40],
    [10, 15],
    [15, 23],
    [23, 33],
    [38, 32],
    [23, 28],
    [8, 18],
    [18, 25],
    [25, 29],
    [15, 6],
    [25, 35],
    [37, 46],
    [46, 48],
    [48, 42],
    [18, 14],
    [48, 52],
    [47, 46],
    [60, 54],
    [54, 55],
    [55, 61],
    [61, 64],
    [64, 60],
    [60, 52],
    [48, 54],
    [46, 54],
    [47, 55],
    [49, 55],
    [53, 61],
    [59, 61],
    [63, 64],
    [62, 64],
    [58, 60]
  ],
  "vertices": [
    [-1.053731, -0.062801, 0.140871],
    [-1.047729, -0.006643, -0.190675],
    [-0.967657, 0.064553, 0.440012],
    [-0.951944, 0.211579, -0.427988],
    [-0.942283, -0.266176, 0.38445],
    [-0.92657, -0.11915, -0.483549],
    [-0.822385, 0.326776, 0.592485],
    [-0.802963, 0.50851, -0.480421],
    [-0.755954, -0.539085, 0.447023],
    [-0.736532, -0.35735, -0.625883],
    [-0.673403, 0.623707, 0.540051],
    [-0.65769, 0.770733, -0.327948],
    [-0.577618, 0.841928, 0.302738],
    [-0.571617, 0.898087, -0.028808],
    [-0.565916, -0.777285, 0.304689],
    [-0.561955, 0.420332, 0.78363],
    [-0.550203, -0.630259, -0.56331],
    [-0.536531, 0.658225, -0.620822],
    [-0.479842, -0.64993, 0.603829],
    [-0.454419, -0.412037, -0.800623],
    [-0.444757, -0.889793, 0.011815],
    [-0.438755, -0.833633, -0.319731],
    [-0.311187, 0.991643, 0.162337],
    [-0.285843, 0.309485, 0.940436],
    [-0.254418, 0.603538, -0.795562],
    [-0.219412, -0.556374, 0.794974],
    [-0.187987, -0.262321, -0.941024],
    [-0.162643, -0.944479, -0.162925],
    [-0.099515, 0.036577, 1.003008],
    [-0.07414, -0.294152, 0.947447],
    [-0.06438, 0.365339, -0.937896],
    [-0.039006, 0.034609, -0.993458],
    [0.024123, 1.015665, 0.172476],
    [0.049467, 0.333508, 0.950575],
    [0.080892, 0.627561, -0.785423],
    [0.115898, -0.532352, 0.805113],
    [0.147323, -0.238299, -0.930885],
    [0.172667, -0.920457, -0.152786],
    [0.300235, 0.90482, 0.329282],
    [0.306237, 0.960979, -0.002264],
    [0.315898, 0.483223, 0.810173],
    [0.341322, 0.721117, -0.594278],
    [0.398011, -0.587039, 0.630373],
    [0.411683, 0.701445, 0.572861],
    [0.423435, -0.349145, -0.774079],
    [0.427396, 0.848471, -0.295138],
    [0.433096, -0.826901, 0.038358],
    [0.439098, -0.770742, -0.293188],
    [0.51917, -0.699547, 0.337499],
    [0.534883, -0.55252, -0.5305],
    [0.598012, 0.428536, 0.635433],
    [0.617434, 0.610271, -0.437472],
    [0.664443, -0.437324, 0.489972],
    [0.683864, -0.255589, -0.582934],
    [0.721659, -0.657508, 0.072275],
    [0.727661, -0.601349, -0.259271],
    [0.78805, 0.190336, 0.493099],
    [0.803762, 0.337363, -0.3749],
    [0.813424, -0.140393, 0.437538],
    [0.829136, 0.006634, -0.430461],
    [0.866931, -0.395285, 0.224748],
    [0.876642, -0.304418, -0.311705],
    [0.909209, 0.077829, 0.200225],
    [0.91521, 0.133987, -0.131321],
    [0.962716, -0.177064, -0.012565]
  ],
  "name": "augmented truncated dodecahedron",
  "faces": [
    [34, 30, 24],
    [45, 51, 41],
    [36, 26, 31],
    [53, 49, 44],
    [16, 9, 19],
    [27, 20, 21],
    [1, 3, 5],
    [4, 2, 0],
    [11, 17, 7],
    [12, 22, 13],
    [62, 56, 58],
    [59, 57, 63],
    [43, 40, 50],
    [39, 32, 38],
    [23, 28, 33],
    [10, 6, 15],
    [25, 35, 29],
    [8, 14, 18],
    [48, 52, 42],
    [47, 46, 37],
    [54, 48, 46],
    [55, 47, 49],
    [61, 53, 59],
    [62, 64, 63],
    [60, 58, 52],
    [54, 60, 52, 48],
    [55, 54, 46, 47],
    [61, 55, 49, 53],
    [64, 61, 59, 63],
    [60, 64, 62, 58],
    [60, 54, 55, 61, 64],
    [31, 26, 19, 9, 5, 3, 7, 17, 24, 30],
    [59, 53, 44, 36, 31, 30, 34, 41, 51, 57],
    [37, 27, 21, 16, 19, 26, 36, 44, 49, 47],
    [8, 4, 0, 1, 5, 9, 16, 21, 20, 14],
    [10, 12, 13, 11, 7, 3, 1, 0, 2, 6],
    [39, 45, 41, 34, 24, 17, 11, 13, 22, 32],
    [50, 40, 33, 28, 29, 35, 42, 52, 58, 56],
    [45, 39, 38, 43, 50, 56, 62, 63, 57, 51],
    [12, 10, 15, 23, 33, 40, 43, 38, 32, 22],
    [4, 8, 18, 25, 29, 28, 23, 15, 6, 2],
    [27, 37, 46, 48, 42, 35, 25, 18, 14, 20]
  ]
}
