{
  "edges": [
    [2, 0],
    [0, 1],
    [1, 5],
    [5, 2],
    [1, 4],
    [4, 6],
    [6, 5],
    [6, 3],
    [3, 2],
    [2, 6],
    [3, 0],
    [3, 4],
    [4, 0]
  ],
  "vertices": [
    [-0.87547, -0.255205, -0.086794],
    [-0.276612, -0.313401, 1.029989],
    [-0.236035, 0.801921, -0.374595],
    [-0.051128, -0.255205, -1.050994],
    [0.218493, -0.889481, 0.014004],
    [0.362823, 0.743725, 0.742188],
    [0.857929, 0.167645, -0.273797]
  ],
  "name": "augmented triangular prism",
  "faces": [
    [6, 3, 2],
    [3, 0, 2],
    [0, 3, 4],
    [2, 5, 6],
    [1, 0, 4],
    [6, 4, 3],
    [2, 0, 1, 5],
    [5, 1, 4, 6]
  ]
}
