{
  "edges": [
    [12, 8],
    [8, 4],
    [4, 7],
    [7, 12],
    [7, 11],
    [11, 12],
    [7, 2],
    [2, 0],
    [0, 5],
    [5, 10],
    [10, 11],
    [10, 13],
    [13, 11],
    [13, 14],
    [14, 12],
    [13, 9],
    [9, 14],
    [5, 1],
    [1, 3],
    [3, 9],
    [3, 6],
    [6, 9],
    [0, 1],
    [2, 4],
    [4, 6],
    [6, 8],
    [8, 14]
  ],
  "vertices": [
    [-0.91403, 0.409064, -0.602734],
    [-0.830829, 0.815648, 0.102539],
    [-0.699591, -0.379344, -0.648261],
    [-0.533188, 0.433825, 0.762285],
    [-0.401951, -0.761167, 0.011485],
    [-0.338469, 0.986004, -0.528495],
    [-0.318749, -0.354582, 0.716757],
    [0.090409, -0.59081, -0.619549],
    [0.251663, -0.893891, 0.485632],
    [0.256812, 0.222359, 0.790997],
    [0.451531, 0.774538, -0.499782],
    [0.66597, -0.013869, -0.545309],
    [0.744023, -0.723534, -0.145401],
    [0.749172, 0.392715, 0.159963],
    [0.827225, -0.31695, 0.559871]
  ],
  "name": "augmented truncated tetrahedron",
  "faces": [
    [12, 7, 11],
    [10, 13, 11],
    [14, 13, 9],
    [9, 3, 6],
    [0, 1, 5],
    [4, 2, 7],
    [6, 4, 8],
    [14, 8, 12],
    [12, 8, 4, 7],
    [13, 14, 12, 11],
    [14, 9, 6, 8],
    [11, 7, 2, 0, 5, 10],
    [13, 10, 5, 1, 3, 9],
    [3, 1, 0, 2, 4, 6]
  ]
}
