{
  "edges": [
    [25, 24],
    [24, 26],
    [26, 27],
    [27, 25],
    [25, 18],
    [18, 16],
    [16, 24],
    [16, 17],
    [17, 24],
    [17, 19],
    [19, 26],
    [19, 21],
    [21, 26],
    [21, 23],
    [23, 27],
    [23, 22],
    [22, 27],
    [22, 20],
    [20, 25],
    [20, 18],
    [23, 15],
    [15, 11],
    [11, 7],
    [7, 6],
    [6, 10],
    [10, 14],
    [14, 22],
    [20, 14],
    [10, 4],
    [4, 2],
    [2, 8],
    [8, 12],
    [12, 18],
    [16, 12],
    [8, 0],
    [0, 1],
    [1, 9],
    [9, 13],
    [13, 17],
    [19, 13],
    [9, 3],
    [3, 5],
    [5, 11],
    [15, 21],
    [4, 6],
    [7, 5],
    [3, 1],
    [0, 2]
  ],
  "vertices": [
    [-0.935384, 0.507278, -0.272116],
    [-0.915801, 0.536228, 0.283002],
    [-0.882043, 0.099694, -0.646826],
    [-0.834764, 0.169584, 0.693348],
    [-0.787023, -0.447768, -0.621628],
    [-0.739744, -0.377878, 0.718546],
    [-0.705986, -0.814411, -0.211282],
    [-0.686402, -0.785462, 0.343836],
    [-0.561956, 0.553237, -0.681771],
    [-0.514677, 0.623127, 0.658404],
    [-0.332557, -0.768453, -0.620937],
    [-0.285278, -0.698562, 0.719237],
    [-0.014265, 0.647182, -0.705992],
    [0.033015, 0.717073, 0.634183],
    [0.215134, -0.674508, -0.645158],
    [0.262413, -0.604617, 0.695016],
    [0.386859, 0.734081, -0.330591],
    [0.406443, 0.763031, 0.224528],
    [0.440201, 0.326497, -0.705301],
    [0.48748, 0.396388, 0.634874],
    [0.535221, -0.220964, -0.680103],
    [0.5825, -0.151074, 0.660072],
    [0.616258, -0.587608, -0.269757],
    [0.635842, -0.558659, 0.285361],
    [0.831438, 0.541255, -0.057559],
    [0.884779, 0.13367, -0.432269],
    [0.912475, 0.174611, 0.352787],
    [0.965816, -0.232973, -0.021924]
  ],
  "name": "augmented truncated cube",
  "faces": [
    [24, 16, 17],
    [26, 19, 21],
    [27, 23, 22],
    [25, 20, 18],
    [21, 15, 23],
    [5, 7, 11],
    [17, 13, 19],
    [1, 3, 9],
    [18, 12, 16],
    [2, 0, 8],
    [22, 14, 20],
    [6, 4, 10],
    [25, 24, 26, 27],
    [24, 25, 18, 16],
    [26, 24, 17, 19],
    [27, 26, 21, 23],
    [25, 27, 22, 20],
    [23, 15, 11, 7, 6, 10, 14, 22],
    [20, 14, 10, 4, 2, 8, 12, 18],
    [16, 12, 8, 0, 1, 9, 13, 17],
    [19, 13, 9, 3, 5, 11, 15, 21],
    [4, 6, 7, 5, 3, 1, 0, 2]
  ]
}
