{
  "edges": [
    [5, 0],
    [0, 1],
    [1, 5],
    [1, 4],
    [4, 7],
    [7, 5],
    [9, 3],
    [3, 8],
    [8, 9],
    [8, 6],
    [6, 10],
    [10, 8],
    [3, 2],
    [2, 8],
    [2, 6],
    [6, 5],
    [5, 10],
    [7, 10],
    [3, 1],
    [1, 2],
    [3, 4],
    [7, 9],
    [9, 10],
    [4, 9],
    [6, 0],
    [2, 0]
  ],
  "vertices": [
    [-0.858193, -0.792464, 0.432564],
    [-0.785643, 0.057917, -0.211154],
    [-0.533044, 0.147795, 0.823687],
    [-0.229952, 0.904287, 0.131849],
    [-0.212337, 0.637025, -0.903062],
    [-0.091064, -0.748583, -0.310653],
    [0.161537, -0.658707, 0.724189],
    [0.482242, -0.169476, -1.002562],
    [0.505859, 0.352206, 0.676436],
    [0.693906, 0.639069, -0.336051],
    [0.86669, -0.369064, -0.025245]
  ],
  "name": "augmented sphenocorona",
  "faces": [
    [5, 0, 1],
    [9, 3, 8],
    [8, 6, 10],
    [8, 3, 2],
    [8, 2, 6],
    [6, 5, 10],
    [10, 5, 7],
    [3, 1, 2],
    [1, 3, 4],
    [7, 9, 10],
    [7, 4, 9],
    [9, 4, 3],
    [10, 9, 8],
    [6, 0, 5],
    [6, 2, 0],
    [0, 2, 1],
    [5, 1, 4, 7]
  ]
}
