{
  "edges": [
    [0, 1],
    [1, 3],
    [3, 4],
    [4, 2],
    [2, 0],
    [7, 10],
    [10, 9],
    [9, 6],
    [6, 5],
    [5, 7],
    [0, 5],
    [6, 1],
    [9, 3],
    [4, 10],
    [7, 2],
    [3, 8],
    [8, 4],
    [9, 8],
    [8, 10]
  ],
  "vertices": [
    [-0.81481, 0.221521, -0.662951],
    [-0.660297, -0.683519, -0.326712],
    [-0.53073, 0.852939, 0.027439],
    [-0.280723, -0.611446, 0.571485],
    [-0.200646, 0.338137, 0.790362],
    [0.085423, 0.233517, -1.044348],
    [0.239936, -0.671523, -0.708109],
    [0.369503, 0.864935, -0.353959],
    [0.473247, -0.295241, 1.107742],
    [0.619511, -0.59945, 0.190087],
    [0.699587, 0.350133, 0.408964]
  ],
  "name": "augmented pentagonal prism",
  "faces": [
    [3, 8, 4],
    [3, 9, 8],
    [4, 8, 10],
    [10, 8, 9],
    [1, 0, 5, 6],
    [3, 1, 6, 9],
    [2, 4, 10, 7],
    [0, 2, 7, 5],
    [0, 1, 3, 4, 2],
    [7, 10, 9, 6, 5]
  ]
}
