{
  "edges": [
    [0, 4],
    [4, 6],
    [6, 2],
    [2, 0],
    [3, 0],
    [0, 1],
    [1, 3],
    [2, 1],
    [2, 5],
    [5, 1],
    [3, 4],
    [6, 5],
    [3, 7],
    [7, 4],
    [7, 6],
    [7, 5],
    [3, 5]
  ],
  "vertices": [
    [-0.878027, -0.44614, 0.176652],
    [-0.85656, 0.548188, -0.533],
    [-0.47761, 0.616903, 0.626496],
    [-0.069889, -0.364329, -0.736024],
    [0.239836, -0.921955, 0.306031],
    [0.330528, 0.698715, -0.286179],
    [0.640253, 0.141088, 0.755876],
    [1.071468, -0.272471, -0.309853]
  ],
  "name": "biaugmented triangular prism",
  "faces": [
    [3, 0, 1],
    [1, 0, 2],
    [1, 2, 5],
    [4, 0, 3],
    [2, 6, 5],
    [4, 3, 7],
    [4, 7, 6],
    [6, 7, 5],
    [7, 3, 5],
    [1, 5, 3],
    [0, 4, 6, 2]
  ]
}
