{
  "edges": [
    [4, 5],
    [5, 2],
    [2, 0],
    [0, 1],
    [1, 4],
    [8, 7],
    [7, 9],
    [9, 11],
    [11, 10],
    [10, 8],
    [4, 10],
    [11, 5],
    [9, 2],
    [0, 7],
    [8, 1],
    [2, 3],
    [3, 0],
    [9, 3],
    [3, 7],
    [1, 6],
    [6, 4],
    [8, 6],
    [6, 10]
  ],
  "vertices": [
    [-0.736376, 0.261231, -0.409511],
    [-0.572247, -0.640818, -0.200191],
    [-0.430826, 0.786388, 0.30833],
    [-0.352398, 1.103933, -0.573408],
    [-0.16526, -0.673158, 0.647018],
    [-0.077857, 0.208904, 0.961301],
    [0.083202, -1.290119, -0.017868],
    [0.11049, 0.32145, -0.814035],
    [0.274618, -0.5806, -0.604714],
    [0.416039, 0.846607, -0.096194],
    [0.681606, -0.61294, 0.242494],
    [0.769009, 0.269122, 0.556777]
  ],
  "name": "biaugmented pentagonal prism",
  "faces": [
    [2, 3, 0],
    [2, 9, 3],
    [0, 3, 7],
    [7, 3, 9],
    [1, 6, 4],
    [1, 8, 6],
    [4, 6, 10],
    [10, 6, 8],
    [5, 4, 10, 11],
    [2, 5, 11, 9],
    [1, 0, 7, 8],
    [4, 5, 2, 0, 1],
    [8, 7, 9, 11, 10]
  ]
}
