{
  "edges": [
    [28, 22],
    [22, 15],
    [15, 19],
    [19, 28],
    [28, 31],
    [31, 25],
    [25, 22],
    [25, 17],
    [17, 22],
    [17, 10],
    [10, 15],
    [10, 7],
    [7, 15],
    [7, 13],
    [13, 19],
    [13, 20],
    [20, 19],
    [20, 29],
    [29, 28],
    [29, 31],
    [16, 9],
    [9, 3],
    [3, 12],
    [12, 16],
    [16, 21],
    [21, 14],
    [14, 9],
    [14, 6],
    [6, 9],
    [6, 0],
    [0, 3],
    [0, 2],
    [2, 3],
    [2, 11],
    [11, 12],
    [11, 18],
    [18, 12],
    [18, 24],
    [24, 16],
    [24, 21],
    [13, 4],
    [4, 1],
    [1, 6],
    [14, 23],
    [23, 26],
    [26, 20],
    [29, 26],
    [23, 21],
    [24, 27],
    [27, 30],
    [30, 31],
    [25, 30],
    [27, 18],
    [11, 5],
    [5, 8],
    [8, 17],
    [10, 8],
    [5, 2],
    [0, 1],
    [4, 7]
  ],
  "vertices": [
    [-0.85468, -0.304544, 0.321795],
    [-0.813538, 0.214997, 0.467663],
    [-0.753988, -0.584165, -0.130495],
    [-0.662946, -0.809677, 0.352981],
    [-0.654663, 0.670118, 0.221662],
    [-0.570447, -0.460068, -0.624262],
    [-0.567052, -0.168344, 0.759532],
    [-0.471123, 0.794216, -0.272106],
    [-0.411573, -0.004947, -0.870263],
    [-0.375319, -0.673477, 0.790718],
    [-0.370431, 0.514594, -0.724396],
    [-0.323962, -0.84341, -0.332393],
    [-0.23292, -1.068921, 0.151083],
    [-0.183495, 0.930415, 0.165631],
    [-0.059594, -0.25535, 0.926295],
    [-0.054707, 0.932721, -0.588818],
    [0.054707, -0.932721, 0.588819],
    [0.059595, 0.25535, -0.926294],
    [0.183496, -0.930415, -0.16563],
    [0.23292, 1.068921, -0.151082],
    [0.323962, 0.84341, 0.332394],
    [0.370432, -0.514594, 0.724397],
    [0.37532, 0.673477, -0.790717],
    [0.411574, 0.004947, 0.870264],
    [0.471123, -0.794216, 0.272106],
    [0.567053, 0.168344, -0.759531],
    [0.570448, 0.460068, 0.624263],
    [0.654664, -0.670118, -0.221661],
    [0.662947, 0.809677, -0.35298],
    [0.753989, 0.584165, 0.130496],
    [0.813538, -0.214997, -0.467662],
    [0.85468, 0.304544, -0.321795]
  ],
  "name": "biaugmented truncated cube",
  "faces": [
    [22, 25, 17],
    [15, 10, 7],
    [19, 13, 20],
    [28, 29, 31],
    [9, 14, 6],
    [3, 0, 2],
    [12, 11, 18],
    [16, 24, 21],
    [7, 4, 13],
    [0, 6, 1],
    [17, 8, 10],
    [11, 2, 5],
    [31, 30, 25],
    [24, 18, 27],
    [20, 26, 29],
    [14, 21, 23],
    [28, 22, 15, 19],
    [22, 28, 31, 25],
    [15, 22, 17, 10],
    [19, 15, 7, 13],
    [28, 19, 20, 29],
    [16, 9, 3, 12],
    [9, 16, 21, 14],
    [3, 9, 6, 0],
    [12, 3, 2, 11],
    [16, 12, 18, 24],
    [13, 4, 1, 6, 14, 23, 26, 20],
    [29, 26, 23, 21, 24, 27, 30, 31],
    [25, 30, 27, 18, 11, 5, 8, 17],
    [10, 8, 5, 2, 0, 1, 4, 7]
  ]
}
