{
  "edges": [
    [0, 2],
    [2, 7],
    [7, 4],
    [4, 0],
    [7, 17],
    [17, 16],
    [16, 7],
    [17, 30],
    [30, 28],
    [28, 16],
    [2, 9],
    [9, 18],
    [18, 17],
    [30, 41],
    [41, 28],
    [41, 44],
    [44, 34],
    [34, 28],
    [18, 31],
    [31, 30],
    [18, 25],
    [25, 31],
    [25, 37],
    [37, 42],
    [42, 31],
    [42, 50],
    [50, 41],
    [37, 47],
    [47, 42],
    [47, 53],
    [53, 50],
    [16, 11],
    [11, 4],
    [11, 6],
    [6, 4],
    [11, 23],
    [23, 15],
    [15, 6],
    [34, 23],
    [23, 27],
    [27, 15],
    [27, 40],
    [40, 45],
    [45, 35],
    [35, 27],
    [34, 40],
    [44, 40],
    [50, 51],
    [51, 44],
    [51, 52],
    [52, 45],
    [53, 51],
    [53, 54],
    [54, 52],
    [15, 12],
    [12, 5],
    [5, 6],
    [12, 8],
    [8, 5],
    [12, 24],
    [24, 19],
    [19, 8],
    [35, 24],
    [35, 36],
    [36, 24],
    [36, 29],
    [29, 19],
    [45, 46],
    [46, 36],
    [52, 46],
    [54, 49],
    [49, 46],
    [49, 39],
    [39, 29],
    [54, 48],
    [48, 49],
    [48, 38],
    [38, 39],
    [8, 3],
    [3, 1],
    [1, 5],
    [3, 10],
    [10, 14],
    [14, 22],
    [22, 21],
    [21, 13],
    [13, 9],
    [0, 1],
    [19, 20],
    [20, 10],
    [20, 26],
    [26, 14],
    [29, 20],
    [39, 26],
    [26, 38],
    [38, 33],
    [33, 22],
    [48, 43],
    [43, 33],
    [13, 25],
    [33, 32],
    [32, 21],
    [32, 37],
    [43, 32],
    [43, 47]
  ],
  "vertices": [
    [-1.035663, 0.17951, 0.161516],
    [-1.027893, 0.048482, -0.268318],
    [-0.891113, 0.078842, 0.574986],
    [-0.870771, -0.264193, -0.550334],
    [-0.833419, 0.579967, 0.188311],
    [-0.820848, 0.367959, -0.507174],
    [-0.700657, 0.696435, -0.224962],
    [-0.68887, 0.479299, 0.601781],
    [-0.663727, 0.055284, -0.78919],
    [-0.649458, -0.215069, 0.814161],
    [-0.624314, -0.639084, -0.576811],
    [-0.485083, 0.858791, 0.134418],
    [-0.461483, 0.455741, -0.762395],
    [-0.403, -0.58996, 0.787683],
    [-0.382659, -0.932996, -0.337637],
    [-0.341293, 0.784217, -0.480183],
    [-0.340534, 0.758124, 0.547888],
    [-0.322222, 0.432884, 0.857516],
    [-0.297863, 0.00374, 0.988774],
    [-0.289308, -0.122159, -0.96329],
    [-0.26495, -0.551303, -0.832032],
    [-0.245879, -0.902636, 0.505667],
    [-0.238109, -1.033664, 0.075833],
    [-0.125719, 0.946573, -0.120803],
    [-0.087065, 0.278298, -0.936494],
    [-0.051406, -0.371151, 0.962296],
    [-0.023294, -0.845214, -0.592857],
    [0.107408, 0.809782, -0.479865],
    [0.108167, 0.783689, 0.548206],
    [0.110226, -0.32589, -0.934099],
    [0.126479, 0.458449, 0.857834],
    [0.150837, 0.029306, 0.989092],
    [0.202822, -0.87707, 0.505985],
    [0.210592, -1.008098, 0.076151],
    [0.24093, 0.900157, 0.134932],
    [0.264529, 0.497107, -0.761881],
    [0.312469, 0.074567, -0.907304],
    [0.323013, -0.548594, 0.788197],
    [0.343354, -0.89163, -0.337123],
    [0.351882, -0.619801, -0.694925],
    [0.474057, 0.763367, -0.224131],
    [0.485843, 0.546231, 0.602613],
    [0.525256, -0.148138, 0.814992],
    [0.562186, -0.789288, 0.250764],
    [0.618606, 0.662699, 0.189339],
    [0.631178, 0.450691, -0.506147],
    [0.679118, 0.028151, -0.651569],
    [0.682377, -0.460813, 0.532976],
    [0.694949, -0.672821, -0.16251],
    [0.703476, -0.400992, -0.520312],
    [0.7323, 0.17134, 0.576135],
    [0.865063, 0.287808, 0.162862],
    [0.872833, 0.15678, -0.266972],
    [0.889422, -0.141336, 0.29412],
    [0.897192, -0.272364, -0.135714]
  ],
  "name": "bigyrate diminished rhombicosidodecahedron",
  "faces": [
    [7, 17, 16],
    [30, 41, 28],
    [18, 25, 31],
    [37, 47, 42],
    [4, 11, 6],
    [23, 27, 15],
    [34, 44, 40],
    [50, 53, 51],
    [5, 12, 8],
    [35, 36, 24],
    [45, 52, 46],
    [54, 48, 49],
    [19, 29, 20],
    [39, 38, 26],
    [33, 43, 32],
    [0, 2, 7, 4],
    [17, 30, 28, 16],
    [28, 41, 44, 34],
    [18, 31, 30, 17],
    [25, 37, 42, 31],
    [42, 47, 53, 50],
    [7, 16, 11, 4],
    [11, 23, 15, 6],
    [27, 40, 45, 35],
    [34, 40, 27, 23],
    [41, 50, 51, 44],
    [51, 53, 54, 52],
    [6, 15, 12, 5],
    [12, 24, 19, 8],
    [24, 36, 29, 19],
    [45, 46, 36, 35],
    [52, 54, 49, 46],
    [49, 48, 38, 39],
    [5, 8, 3, 1],
    [20, 26, 14, 10],
    [29, 39, 26, 20],
    [38, 48, 43, 33],
    [9, 13, 25, 18],
    [22, 33, 32, 21],
    [32, 43, 47, 37],
    [2, 9, 18, 17, 7],
    [31, 42, 50, 41, 30],
    [16, 28, 34, 23, 11],
    [44, 51, 52, 45, 40],
    [15, 27, 35, 24, 12],
    [46, 49, 39, 29, 36],
    [8, 19, 20, 10, 3],
    [26, 38, 33, 22, 14],
    [21, 32, 37, 25, 13],
    [0, 4, 6, 5, 1],
    [43, 48, 54, 53, 47],
    [1, 3, 10, 14, 22, 21, 13, 9, 2, 0]
  ]
}
