{
  "edges": [
    [13, 11],
    [11, 7],
    [7, 10],
    [10, 13],
    [13, 12],
    [12, 11],
    [11, 4],
    [4, 7],
    [7, 5],
    [5, 10],
    [10, 9],
    [9, 13],
    [9, 6],
    [6, 8],
    [8, 12],
    [8, 3],
    [3, 4],
    [4, 0],
    [0, 1],
    [1, 5],
    [1, 2],
    [2, 9],
    [6, 3],
    [3, 0],
    [0, 2],
    [2, 6]
  ],
  "vertices": [
    [-0.932446, -0.071511, 0.062428],
    [-0.890073, 0.716495, 0.434115],
    [-0.483326, 0.038238, 0.802122],
    [-0.479875, -0.798287, -0.104525],
    [-0.363346, -0.08879, -0.598427],
    [-0.294782, 1.186233, 0.002976],
    [-0.030753, -0.688537, 0.635167],
    [0.030753, 0.688538, -0.635171],
    [0.294779, -1.186232, -0.002974],
    [0.363347, 0.088791, 0.598425],
    [0.479874, 0.79829, 0.104525],
    [0.483327, -0.038241, -0.802125],
    [0.890072, -0.716499, -0.434115],
    [0.932449, 0.071511, -0.062429]
  ],
  "name": "bilunabirotunda",
  "faces": [
    [11, 13, 12],
    [7, 11, 4],
    [10, 7, 5],
    [13, 10, 9],
    [3, 8, 6],
    [4, 3, 0],
    [2, 1, 0],
    [9, 2, 6],
    [13, 11, 7, 10],
    [6, 2, 0, 3],
    [12, 13, 9, 6, 8],
    [11, 12, 8, 3, 4],
    [5, 7, 4, 0, 1],
    [10, 5, 1, 2, 9]
  ]
}
