{
  "name": "cube",
  "vertices": [
    [0.0, 0.0, 1.224745],
    [1.154701, 0.0, 0.4082483],
    [-0.5773503, 1.0, 0.4082483],
    [-0.5773503, -1.0, 0.4082483],
    [0.5773503, 1.0, -0.4082483],
    [0.5773503, -1.0, -0.4082483],
    [-1.154701, 0.0, -0.4082483],
    [0.0, 0.0, -1.224745]
  ],
  "edges": [
    [0, 1],
    [0, 2],
    [0, 3],
    [1, 4],
    [1, 5],
    [2, 4],
    [2, 6],
    [3, 5],
    [3, 6],
    [4, 7],
    [5, 7],
    [6, 7]
  ],
  "faces": [
    [0, 1, 4, 2],
    [0, 2, 6, 3],
    [0, 3, 5, 1],
    [1, 5, 7, 4],
    [2, 4, 7, 6],
    [3, 6, 7, 5]
  ]
}
