{
  "faces": [
    [0, 1, 2],
    [0, 2, 3],
    [0, 3, 4],
    [1, 5, 6],
    [1, 6, 2],
    [3, 7, 4],
    [4, 7, 8],
    [5, 9, 10],
    [5, 10, 6],
    [7, 11, 8],
    [8, 11, 12],
    [9, 13, 14],
    [9, 14, 10],
    [11, 15, 12],
    [12, 15, 16],
    [13, 17, 18],
    [13, 18, 14],
    [15, 19, 16],
    [16, 19, 17],
    [17, 19, 18],
    [0, 4, 8, 12, 16, 17, 13, 9, 5, 1],
    [2, 6, 10, 14, 18, 19, 15, 11, 7, 3]
  ],
  "edges": [
    [8, 12],
    [3, 7],
    [16, 19],
    [1, 2],
    [1, 5],
    [16, 15],
    [16, 12],
    [4, 7],
    [17, 19],
    [9, 10],
    [12, 15],
    [10, 6],
    [3, 4],
    [17, 18],
    [19, 15],
    [10, 14],
    [11, 15],
    [10, 5],
    [11, 12],
    [9, 5],
    [2, 3],
    [0, 2],
    [1, 6],
    [9, 13],
    [5, 6],
    [11, 7],
    [0, 1],
    [8, 4],
    [9, 14],
    [0, 4],
    [18, 19],
    [13, 14],
    [8, 11],
    [2, 6],
    [17, 13],
    [18, 14],
    [18, 13],
    [8, 7],
    [0, 3],
    [16, 17]
  ],
  "name": "decagonal antiprism",
  "vertices": [
    [0.0, 0.0, 1.047801],
    [0.5971915, 0.0, 0.8609583],
    [0.2693671, 0.5329907, 0.8609583],
    [-0.3541919, 0.4808178, 0.8609583],
    [-0.5888883, -0.09923864, 0.8609583],
    [0.9745794, -0.09923864, 0.3717979],
    [0.7817338, 0.4808178, 0.5055625],
    [-0.8507649, 0.3442276, 0.5055625],
    [-0.944538, -0.2598101, 0.3717979],
    [0.9880143, -0.2598101, -0.2328377],
    [0.9872015, 0.3442276, -0.06948012],
    [-1.030678, 0.1753927, -0.06948012],
    [-0.931103, -0.4203816, -0.2328377],
    [0.6323646, -0.4203816, -0.7219981],
    [0.8072886, 0.1753927, -0.6445227],
    [-0.8252102, 0.03880243, -0.6445227],
    [-0.5537152, -0.5196203, -0.7219981],
    [0.04347634, -0.5196203, -0.9088408],
    [0.3107156, 0.03880243, -0.9999186],
    [-0.3128435, -0.01337041, -0.9999186]
  ]
}
