{
  "edges": [
    [18, 14],
    [14, 9],
    [9, 4],
    [4, 6],
    [6, 11],
    [11, 17],
    [17, 19],
    [19, 18],
    [2, 6],
    [4, 0],
    [0, 2],
    [9, 3],
    [3, 0],
    [14, 12],
    [12, 3],
    [18, 15],
    [15, 12],
    [19, 16],
    [16, 15],
    [17, 13],
    [13, 16],
    [11, 8],
    [8, 13],
    [2, 8],
    [5, 10],
    [10, 7],
    [7, 1],
    [1, 5],
    [5, 12],
    [15, 10],
    [16, 10],
    [13, 7],
    [8, 7],
    [2, 1],
    [0, 1],
    [3, 5]
  ],
  "vertices": [
    [-0.889715, 0.115789, -0.35951],
    [-0.792371, -0.231368, 0.270291],
    [-0.791598, 0.494102, 0.251959],
    [-0.522446, -0.406626, -0.70424],
    [-0.521352, 0.619343, -0.730164],
    [-0.425102, -0.753782, -0.074439],
    [-0.423235, 0.997655, -0.118694],
    [-0.286344, -0.218767, 0.790309],
    [-0.28557, 0.506702, 0.771978],
    [-0.154083, 0.096928, -1.074893],
    [0.080926, -0.741182, 0.44558],
    [0.082793, 1.010256, 0.401324],
    [0.095069, -0.767118, -0.580291],
    [0.331944, 0.146209, 0.895926],
    [0.463432, -0.263565, -0.950945],
    [0.601096, -0.754518, -0.060273],
    [0.699213, -0.376205, 0.551197],
    [0.700307, 0.649763, 0.525272],
    [0.969459, -0.250964, -0.430927],
    [1.067576, 0.127349, 0.180543]
  ],
  "name": "elongated square cupola",
  "faces": [
    [10, 15, 16],
    [7, 13, 8],
    [1, 2, 0],
    [5, 3, 12],
    [2, 6, 4, 0],
    [0, 4, 9, 3],
    [3, 9, 14, 12],
    [12, 14, 18, 15],
    [15, 18, 19, 16],
    [16, 19, 17, 13],
    [13, 17, 11, 8],
    [8, 11, 6, 2],
    [5, 10, 7, 1],
    [10, 5, 12, 15],
    [7, 10, 16, 13],
    [1, 7, 8, 2],
    [5, 1, 0, 3],
    [18, 14, 9, 4, 6, 11, 17, 19]
  ]
}
