{
  "edges": [
    [0, 4],
    [4, 8],
    [8, 6],
    [6, 2],
    [2, 0],
    [0, 1],
    [1, 5],
    [5, 7],
    [7, 3],
    [3, 0],
    [3, 4],
    [7, 11],
    [11, 3],
    [11, 18],
    [18, 12],
    [12, 4],
    [12, 8],
    [18, 22],
    [22, 12],
    [22, 25],
    [25, 15],
    [15, 8],
    [15, 6],
    [25, 23],
    [23, 15],
    [23, 19],
    [19, 10],
    [10, 6],
    [10, 2],
    [19, 13],
    [13, 10],
    [13, 9],
    [9, 1],
    [1, 2],
    [9, 5],
    [30, 34],
    [34, 38],
    [38, 39],
    [39, 36],
    [36, 30],
    [30, 27],
    [27, 16],
    [16, 14],
    [14, 24],
    [24, 30],
    [24, 34],
    [14, 17],
    [17, 24],
    [17, 21],
    [21, 32],
    [32, 34],
    [32, 38],
    [21, 28],
    [28, 32],
    [28, 31],
    [31, 37],
    [37, 38],
    [37, 39],
    [31, 33],
    [33, 37],
    [33, 29],
    [29, 35],
    [35, 39],
    [35, 36],
    [29, 26],
    [26, 35],
    [26, 20],
    [20, 27],
    [27, 36],
    [20, 16],
    [23, 31],
    [28, 19],
    [21, 13],
    [17, 9],
    [14, 5],
    [16, 7],
    [20, 11],
    [26, 18],
    [29, 22],
    [33, 25]
  ],
  "vertices": [
    [-1.094229, 0.091579, -0.183298],
    [-0.983491, -0.29488, 0.177777],
    [-0.97462, -0.408146, -0.350504],
    [-0.882171, 0.554599, -0.002654],
    [-0.873301, 0.441333, -0.530935],
    [-0.702994, -0.070704, 0.581578],
    [-0.679771, -0.367238, -0.801479],
    [-0.640375, 0.454303, 0.470066],
    [-0.617152, 0.157769, -0.912991],
    [-0.583386, -0.570429, 0.414373],
    [-0.569033, -0.753697, -0.440404],
    [-0.419447, 0.804058, 0.122429],
    [-0.405095, 0.620789, -0.732347],
    [-0.327237, -0.853993, 0.032316],
    [-0.251159, -0.061675, 0.877809],
    [-0.211565, -0.187782, -1.002892],
    [-0.18854, 0.463332, 0.766296],
    [-0.131551, -0.5614, 0.710603],
    [-0.124598, 0.844965, -0.328546],
    [-0.032387, -0.813085, -0.41866],
    [0.032387, 0.813086, 0.418659],
    [0.124598, -0.844964, 0.328546],
    [0.131551, 0.561401, -0.710603],
    [0.18854, -0.463331, -0.766296],
    [0.237051, -0.270491, 0.977985],
    [0.251159, 0.061676, -0.877809],
    [0.327237, 0.853994, -0.032316],
    [0.33837, 0.578988, 0.797554],
    [0.419448, -0.804057, -0.122429],
    [0.583386, 0.570429, -0.414373],
    [0.601401, 0.125461, 0.928384],
    [0.640375, -0.454302, -0.470066],
    [0.651509, -0.729308, 0.359803],
    [0.702994, 0.070705, -0.581579],
    [0.721009, -0.374264, 0.761179],
    [0.815447, 0.645178, 0.06786],
    [0.822328, 0.475215, 0.580748],
    [1.008977, -0.163393, -0.202684],
    [1.015858, -0.333356, 0.310203],
    [1.078477, 0.191651, 0.198691]
  ],
  "name": "elongated pentagonal orthobirotunda",
  "faces": [
    [0, 3, 4],
    [3, 7, 11],
    [4, 12, 8],
    [12, 18, 22],
    [8, 15, 6],
    [15, 25, 23],
    [6, 10, 2],
    [10, 19, 13],
    [2, 1, 0],
    [1, 9, 5],
    [30, 24, 34],
    [24, 14, 17],
    [34, 32, 38],
    [32, 21, 28],
    [38, 37, 39],
    [37, 31, 33],
    [39, 35, 36],
    [35, 29, 26],
    [36, 27, 30],
    [27, 20, 16],
    [23, 31, 28, 19],
    [19, 28, 21, 13],
    [13, 21, 17, 9],
    [9, 17, 14, 5],
    [5, 14, 16, 7],
    [7, 16, 20, 11],
    [11, 20, 26, 18],
    [18, 26, 29, 22],
    [22, 29, 33, 25],
    [25, 33, 31, 23],
    [0, 4, 8, 6, 2],
    [0, 1, 5, 7, 3],
    [4, 3, 11, 18, 12],
    [8, 12, 22, 25, 15],
    [6, 15, 23, 19, 10],
    [2, 10, 13, 9, 1],
    [30, 34, 38, 39, 36],
    [30, 27, 16, 14, 24],
    [34, 24, 17, 21, 32],
    [38, 32, 28, 31, 37],
    [39, 37, 33, 29, 35],
    [36, 35, 26, 20, 27]
  ]
}
