{
  "edges": [
    [0, 1],
    [1, 5],
    [5, 6],
    [6, 3],
    [3, 0],
    [0, 4],
    [4, 9],
    [9, 7],
    [7, 2],
    [2, 0],
    [2, 1],
    [7, 10],
    [10, 2],
    [10, 13],
    [13, 8],
    [8, 1],
    [8, 5],
    [13, 19],
    [19, 8],
    [19, 22],
    [22, 14],
    [14, 5],
    [14, 6],
    [22, 24],
    [24, 14],
    [24, 21],
    [21, 11],
    [11, 6],
    [11, 3],
    [21, 16],
    [16, 11],
    [16, 12],
    [12, 4],
    [4, 3],
    [12, 9],
    [33, 34],
    [34, 38],
    [38, 39],
    [39, 36],
    [36, 33],
    [33, 28],
    [28, 18],
    [18, 15],
    [15, 25],
    [25, 33],
    [25, 34],
    [15, 17],
    [17, 25],
    [17, 20],
    [20, 31],
    [31, 34],
    [31, 38],
    [20, 26],
    [26, 31],
    [26, 29],
    [29, 37],
    [37, 38],
    [37, 39],
    [29, 32],
    [32, 37],
    [32, 30],
    [30, 35],
    [35, 39],
    [35, 36],
    [30, 27],
    [27, 35],
    [27, 23],
    [23, 28],
    [28, 36],
    [23, 18],
    [24, 32],
    [29, 21],
    [26, 16],
    [20, 12],
    [17, 9],
    [15, 7],
    [18, 10],
    [23, 13],
    [27, 19],
    [30, 22]
  ],
  "vertices": [
    [-1.099924, -0.170755, -0.018241],
    [-1.015744, 0.184543, -0.41657],
    [-0.979069, 0.342745, 0.098809],
    [-0.891012, -0.645186, -0.17075],
    [-0.854337, -0.486985, 0.344629],
    [-0.754806, -0.070303, -0.81526],
    [-0.677717, -0.583103, -0.663335],
    [-0.65879, 0.343875, 0.53402],
    [-0.633951, 0.443197, -0.698209],
    [-0.581702, -0.168926, 0.685945],
    [-0.57461, 0.699173, 0.135692],
    [-0.43213, -0.899333, -0.300465],
    [-0.37279, -0.643357, 0.533436],
    [-0.361315, 0.761256, -0.356893],
    [-0.295924, -0.324449, -0.944974],
    [-0.185624, 0.480819, 0.756166],
    [-0.111851, -0.898203, 0.134746],
    [-0.108536, -0.031982, 0.908091],
    [-0.101444, 0.836117, 0.357838],
    [-0.100377, 0.50641, -0.755583],
    [0.100376, -0.506413, 0.755582],
    [0.101443, -0.83612, -0.357838],
    [0.108535, 0.031979, -0.908092],
    [0.111851, 0.8982, -0.134747],
    [0.185623, -0.480822, -0.756167],
    [0.295923, 0.324447, 0.944974],
    [0.361314, -0.761258, 0.356892],
    [0.372789, 0.643354, -0.533437],
    [0.43213, 0.899331, 0.300464],
    [0.574609, -0.699176, -0.135692],
    [0.581701, 0.168923, -0.685946],
    [0.63395, -0.443199, 0.698208],
    [0.658789, -0.343878, -0.534021],
    [0.677716, 0.583101, 0.663334],
    [0.754804, 0.0703, 0.815259],
    [0.854336, 0.486982, -0.344629],
    [0.891011, 0.645184, 0.17075],
    [0.979068, -0.342747, -0.09881],
    [1.015743, -0.184545, 0.416569],
    [1.099923, 0.170753, 0.018241]
  ],
  "name": "elongated pentagonal gyrobirotunda",
  "faces": [
    [0, 2, 1],
    [2, 7, 10],
    [1, 8, 5],
    [8, 13, 19],
    [5, 14, 6],
    [14, 22, 24],
    [6, 11, 3],
    [11, 21, 16],
    [3, 4, 0],
    [4, 12, 9],
    [33, 25, 34],
    [25, 15, 17],
    [34, 31, 38],
    [31, 20, 26],
    [38, 37, 39],
    [37, 29, 32],
    [39, 35, 36],
    [35, 30, 27],
    [36, 28, 33],
    [28, 23, 18],
    [24, 32, 29, 21],
    [21, 29, 26, 16],
    [16, 26, 20, 12],
    [12, 20, 17, 9],
    [9, 17, 15, 7],
    [7, 15, 18, 10],
    [10, 18, 23, 13],
    [13, 23, 27, 19],
    [19, 27, 30, 22],
    [22, 30, 32, 24],
    [0, 1, 5, 6, 3],
    [0, 4, 9, 7, 2],
    [1, 2, 10, 13, 8],
    [5, 8, 19, 22, 14],
    [6, 14, 24, 21, 11],
    [3, 11, 16, 12, 4],
    [33, 34, 38, 39, 36],
    [33, 28, 18, 15, 25],
    [34, 25, 17, 20, 31],
    [38, 31, 26, 29, 37],
    [39, 37, 32, 30, 35],
    [36, 35, 27, 23, 28]
  ]
}
