{
  "edges": [
    [9, 16],
    [16, 12],
    [12, 9],
    [9, 6],
    [6, 13],
    [13, 16],
    [13, 17],
    [17, 16],
    [17, 15],
    [15, 12],
    [15, 7],
    [7, 12],
    [7, 3],
    [3, 9],
    [3, 6],
    [8, 1],
    [1, 5],
    [5, 8],
    [8, 10],
    [10, 2],
    [2, 1],
    [2, 0],
    [0, 1],
    [0, 4],
    [4, 5],
    [4, 11],
    [11, 5],
    [11, 14],
    [14, 8],
    [14, 10],
    [7, 4],
    [0, 3],
    [2, 6],
    [10, 13],
    [14, 17],
    [11, 15]
  ],
  "vertices": [
    [-0.903332, -0.063468, 0.034076],
    [-0.833437, 0.28305, 0.763458],
    [-0.589483, 0.680853, 0.100738],
    [-0.561749, -0.142046, -0.696749],
    [-0.484641, -0.705032, 0.29875],
    [-0.414746, -0.358514, 1.028133],
    [-0.2479, 0.602275, -0.630087],
    [-0.143058, -0.78361, -0.432074],
    [-0.100897, 0.385807, 1.094795],
    [0.065949, 0.076155, -1.160799],
    [0.143058, 0.78361, 0.432075],
    [0.2479, -0.602274, 0.630087],
    [0.484641, -0.565409, -0.896124],
    [0.484641, 0.705032, -0.29875],
    [0.561749, 0.142046, 0.696749],
    [0.589483, -0.680852, -0.100737],
    [0.79849, 0.178912, -0.829462],
    [0.903332, 0.063468, -0.034075]
  ],
  "name": "elongated triangular orthobicupola",
  "faces": [
    [9, 16, 12],
    [16, 13, 17],
    [12, 15, 7],
    [9, 3, 6],
    [8, 1, 5],
    [1, 2, 0],
    [5, 4, 11],
    [8, 14, 10],
    [16, 9, 6, 13],
    [12, 16, 17, 15],
    [9, 12, 7, 3],
    [1, 8, 10, 2],
    [5, 1, 0, 4],
    [8, 5, 11, 14],
    [7, 4, 0, 3],
    [3, 0, 2, 6],
    [6, 2, 10, 13],
    [13, 10, 14, 17],
    [17, 14, 11, 15],
    [15, 11, 4, 7]
  ]
}
