{
  "edges": [
    [22, 17],
    [17, 11],
    [11, 5],
    [5, 4],
    [4, 8],
    [8, 14],
    [14, 19],
    [19, 23],
    [23, 24],
    [24, 22],
    [2, 8],
    [4, 0],
    [0, 2],
    [5, 1],
    [1, 0],
    [11, 7],
    [7, 1],
    [17, 13],
    [13, 7],
    [22, 18],
    [18, 13],
    [24, 21],
    [21, 18],
    [23, 20],
    [20, 21],
    [19, 16],
    [16, 20],
    [14, 10],
    [10, 16],
    [2, 10],
    [9, 15],
    [15, 12],
    [12, 6],
    [6, 3],
    [3, 9],
    [9, 13],
    [18, 15],
    [21, 15],
    [20, 12],
    [16, 12],
    [10, 6],
    [2, 6],
    [0, 3],
    [1, 3],
    [7, 9]
  ],
  "vertices": [
    [-0.93465, 0.300459, -0.271185],
    [-0.838689, -0.260219, -0.516017],
    [-0.711319, 0.717591, 0.128359],
    [-0.710334, -0.156922, 0.080946],
    [-0.599799, 0.556003, -0.725148],
    [-0.503838, -0.004675, -0.969981],
    [-0.487004, 0.26021, 0.48049],
    [-0.460089, -0.750282, -0.512622],
    [-0.376468, 0.973135, -0.325605],
    [-0.331735, -0.646985, 0.084342],
    [-0.254001, 0.831847, 0.530001],
    [-0.125239, -0.494738, -0.966586],
    [0.029622, 0.027949, 0.730817],
    [0.056536, -0.982543, -0.262295],
    [0.08085, 1.087391, 0.076037],
    [0.125583, -0.532729, 0.485984],
    [0.262625, 0.599586, 0.780328],
    [0.391387, -0.726999, -0.716259],
    [0.513854, -0.868287, 0.139347],
    [0.597475, 0.85513, 0.326364],
    [0.641224, 0.109523, 0.783723],
    [0.737185, -0.451155, 0.538891],
    [0.848705, -0.612742, -0.314616],
    [0.976075, 0.365067, 0.32976],
    [1.072036, -0.19561, 0.084927]
  ],
  "name": "elongated pentagonal cupola",
  "faces": [
    [15, 18, 21],
    [12, 20, 16],
    [6, 10, 2],
    [3, 0, 1],
    [9, 7, 13],
    [2, 8, 4, 0],
    [0, 4, 5, 1],
    [1, 5, 11, 7],
    [7, 11, 17, 13],
    [13, 17, 22, 18],
    [18, 22, 24, 21],
    [21, 24, 23, 20],
    [20, 23, 19, 16],
    [16, 19, 14, 10],
    [10, 14, 8, 2],
    [15, 9, 13, 18],
    [12, 15, 21, 20],
    [6, 12, 16, 10],
    [3, 6, 2, 0],
    [9, 3, 1, 7],
    [9, 15, 12, 6, 3],
    [22, 17, 11, 5, 4, 8, 14, 19, 23, 24]
  ]
}
