{
  "edges": [
    [1, 3],
    [3, 2],
    [2, 0],
    [0, 1],
    [7, 3],
    [1, 5],
    [5, 7],
    [8, 7],
    [5, 8],
    [0, 4],
    [4, 5],
    [4, 8],
    [2, 6],
    [6, 4],
    [6, 8],
    [7, 6]
  ],
  "vertices": [
    [-0.849167, -0.427323, 0.457421],
    [-0.849167, 0.619869, 0.087182],
    [-0.478929, -0.776386, -0.529881],
    [-0.478929, 0.270805, -0.900119],
    [0.198024, -0.30391, 0.806484],
    [0.198024, 0.743282, 0.436246],
    [0.568263, -0.652974, -0.180817],
    [0.568263, 0.394218, -0.551056],
    [1.12362, 0.13242, 0.37454]
  ],
  "name": "elongated square pyramid",
  "faces": [
    [8, 7, 5],
    [8, 5, 4],
    [8, 4, 6],
    [8, 6, 7],
    [1, 3, 2, 0],
    [7, 3, 1, 5],
    [5, 1, 0, 4],
    [4, 0, 2, 6],
    [6, 2, 3, 7]
  ]
}
