{
  "edges": [
    [24, 17],
    [17, 12],
    [12, 7],
    [7, 9],
    [9, 16],
    [16, 22],
    [22, 27],
    [27, 29],
    [29, 28],
    [28, 24],
    [8, 15],
    [15, 13],
    [13, 3],
    [3, 1],
    [1, 8],
    [8, 5],
    [5, 14],
    [14, 20],
    [20, 19],
    [19, 8],
    [19, 15],
    [20, 25],
    [25, 19],
    [25, 26],
    [26, 21],
    [21, 15],
    [21, 13],
    [26, 23],
    [23, 21],
    [23, 18],
    [18, 10],
    [10, 13],
    [10, 3],
    [18, 11],
    [11, 10],
    [11, 4],
    [4, 0],
    [0, 3],
    [0, 1],
    [4, 2],
    [2, 0],
    [2, 6],
    [6, 5],
    [5, 1],
    [6, 14],
    [11, 16],
    [9, 4],
    [7, 2],
    [12, 6],
    [17, 14],
    [24, 20],
    [28, 25],
    [29, 26],
    [27, 23],
    [22, 18]
  ],
  "vertices": [
    [-0.913903, 0.139054, -0.10769],
    [-0.801323, 0.048332, 0.456301],
    [-0.780136, -0.347362, -0.398372],
    [-0.694081, 0.568652, 0.218063],
    [-0.672895, 0.172957, -0.63661],
    [-0.597978, -0.494154, 0.514184],
    [-0.584884, -0.738707, -0.014032],
    [-0.468218, -0.603725, -0.817867],
    [-0.378156, -0.064556, 0.839937],
    [-0.360976, -0.083405, -1.056105],
    [-0.317215, 0.86806, -0.109531],
    [-0.304122, 0.623508, -0.637747],
    [-0.272966, -0.995069, -0.433527],
    [-0.204636, 0.777338, 0.45446],
    [-0.161718, -0.851595, 0.369604],
    [-0.009384, 0.385994, 0.8388],
    [0.007796, 0.367145, -1.057242],
    [0.1502, -1.107957, -0.049891],
    [0.185324, 0.832194, -0.40135],
    [0.193961, -0.156492, 0.896684],
    [0.327727, -0.642909, 0.606002],
    [0.367482, 0.685403, 0.511206],
    [0.497242, 0.575832, -0.820845],
    [0.60849, 0.719306, -0.017714],
    [0.639645, -0.899271, 0.186507],
    [0.6965, -0.192358, 0.604864],
    [0.803742, 0.327961, 0.366626],
    [0.920408, 0.462943, -0.437208],
    [1.008418, -0.44872, 0.185369],
    [1.11566, 0.071599, -0.052869]
  ],
  "name": "elongated pentagonal rotunda",
  "faces": [
    [8, 19, 15],
    [19, 20, 25],
    [15, 21, 13],
    [21, 26, 23],
    [13, 10, 3],
    [10, 18, 11],
    [3, 0, 1],
    [0, 4, 2],
    [1, 5, 8],
    [5, 6, 14],
    [11, 16, 9, 4],
    [4, 9, 7, 2],
    [2, 7, 12, 6],
    [6, 12, 17, 14],
    [14, 17, 24, 20],
    [20, 24, 28, 25],
    [25, 28, 29, 26],
    [26, 29, 27, 23],
    [23, 27, 22, 18],
    [18, 22, 16, 11],
    [8, 15, 13, 3, 1],
    [8, 5, 14, 20, 19],
    [15, 19, 25, 26, 21],
    [13, 21, 23, 18, 10],
    [3, 10, 11, 4, 0],
    [1, 0, 2, 6, 5],
    [24, 17, 12, 7, 9, 16, 22, 27, 29, 28]
  ]
}
