{
  "edges": [
    [0, 3],
    [3, 2],
    [2, 0],
    [0, 1],
    [1, 4],
    [4, 3],
    [1, 5],
    [5, 4],
    [3, 7],
    [7, 6],
    [6, 2],
    [4, 8],
    [8, 7],
    [5, 9],
    [9, 8],
    [7, 10],
    [10, 6],
    [8, 11],
    [11, 10],
    [9, 11],
    [12, 13],
    [13, 15],
    [15, 12],
    [15, 17],
    [17, 14],
    [14, 12],
    [13, 16],
    [16, 18],
    [18, 15],
    [17, 19],
    [19, 14],
    [18, 20],
    [20, 17],
    [16, 21],
    [21, 18],
    [20, 22],
    [22, 19],
    [20, 23],
    [23, 22],
    [21, 23],
    [2, 19],
    [22, 0],
    [6, 14],
    [10, 12],
    [11, 13],
    [9, 16],
    [5, 21],
    [1, 23]
  ],
  "vertices": [
    [-0.862856, 0.357407, -0.357407],
    [-0.862856, -0.357407, -0.357407],
    [-0.357407, 0.862856, -0.357407],
    [-0.357407, 0.357407, -0.862856],
    [-0.357407, -0.357407, -0.862856],
    [-0.357407, -0.862856, -0.357407],
    [0.357407, 0.862856, -0.357407],
    [0.357407, 0.357407, -0.862856],
    [0.357407, -0.357407, -0.862856],
    [0.357407, -0.862856, -0.357407],
    [0.862856, 0.357407, -0.357407],
    [0.862856, -0.357407, -0.357407],
    [0.862856, 0.357407, 0.357407],
    [0.862856, -0.357407, 0.357407],
    [0.357407, 0.862856, 0.357407],
    [0.505449, 0.0, 0.862856],
    [0.357407, -0.862856, 0.357407],
    [-0.0, 0.505449, 0.862856],
    [-0.0, -0.505449, 0.862856],
    [-0.357407, 0.862856, 0.357407],
    [-0.505449, 0.0, 0.862856],
    [-0.357407, -0.862856, 0.357407],
    [-0.862856, 0.357407, 0.357407],
    [-0.862856, -0.357407, 0.357407]
  ],
  "name": "elongated square gyrobicupola",
  "faces": [
    [0, 2, 3],
    [1, 4, 5],
    [6, 10, 7],
    [8, 11, 9],
    [12, 15, 13],
    [14, 19, 17],
    [16, 18, 21],
    [20, 22, 23],
    [4, 1, 0, 3],
    [7, 3, 2, 6],
    [8, 4, 3, 7],
    [9, 5, 4, 8],
    [11, 8, 7, 10],
    [17, 15, 12, 14],
    [18, 16, 13, 15],
    [20, 18, 15, 17],
    [22, 20, 17, 19],
    [23, 21, 18, 20],
    [19, 2, 0, 22],
    [14, 6, 2, 19],
    [12, 10, 6, 14],
    [13, 11, 10, 12],
    [13, 16, 9, 11],
    [16, 21, 5, 9],
    [21, 23, 1, 5],
    [23, 22, 0, 1]
  ]
}
