{
  "edges": [
    [5, 9],
    [9, 18],
    [18, 20],
    [20, 12],
    [12, 5],
    [5, 0],
    [0, 3],
    [3, 9],
    [3, 10],
    [10, 9],
    [10, 21],
    [21, 18],
    [21, 27],
    [27, 18],
    [27, 30],
    [30, 20],
    [30, 25],
    [25, 20],
    [25, 17],
    [17, 12],
    [17, 8],
    [8, 12],
    [8, 1],
    [1, 5],
    [1, 0],
    [15, 16],
    [16, 26],
    [26, 31],
    [31, 23],
    [23, 15],
    [15, 13],
    [13, 6],
    [6, 2],
    [2, 7],
    [7, 15],
    [7, 16],
    [2, 4],
    [4, 7],
    [4, 11],
    [11, 19],
    [19, 16],
    [19, 26],
    [11, 22],
    [22, 19],
    [22, 29],
    [29, 33],
    [33, 26],
    [33, 31],
    [29, 34],
    [34, 33],
    [34, 32],
    [32, 28],
    [28, 31],
    [28, 23],
    [32, 24],
    [24, 28],
    [24, 14],
    [14, 13],
    [13, 23],
    [14, 6],
    [25, 29],
    [22, 17],
    [11, 8],
    [4, 1],
    [2, 0],
    [6, 3],
    [14, 10],
    [24, 21],
    [32, 27],
    [34, 30]
  ],
  "vertices": [
    [-1.045033, 0.161365, 0.036367],
    [-0.919366, 0.043922, -0.521815],
    [-0.855707, -0.369212, 0.190625],
    [-0.830432, 0.382234, 0.532668],
    [-0.73004, -0.486655, -0.367556],
    [-0.711442, 0.52894, -0.271461],
    [-0.641106, -0.148342, 0.686927],
    [-0.544409, -0.844483, 0.055116],
    [-0.501432, 0.074765, -0.928671],
    [-0.496841, 0.749809, 0.224841],
    [-0.357534, 0.622166, 0.777518],
    [-0.312106, -0.455811, -0.774412],
    [-0.293508, 0.559783, -0.678317],
    [-0.197177, -0.487108, 0.858148],
    [-0.168208, 0.09159, 0.931777],
    [-0.137415, -0.917347, 0.467667],
    [-0.011748, -1.03479, -0.090514],
    [0.049132, 0.242114, -1.028796],
    [0.053724, 0.917158, 0.124716],
    [0.131823, -0.794577, -0.603191],
    [0.17939, 0.799715, -0.433466],
    [0.193031, 0.789515, 0.677394],
    [0.238459, -0.288463, -0.874537],
    [0.335483, -0.677415, 0.712518],
    [0.382357, 0.258938, 0.831652],
    [0.522031, 0.482046, -0.783946],
    [0.538816, -0.867441, -0.190639],
    [0.610965, 0.820358, 0.270538],
    [0.693655, -0.216333, 0.696143],
    [0.711357, -0.048531, -0.629687],
    [0.736632, 0.702915, -0.287644],
    [0.753417, -0.646572, 0.305662],
    [0.800291, 0.289782, 0.424796],
    [0.896988, -0.406359, -0.207015],
    [0.925958, 0.172339, -0.133386]
  ],
  "name": "elongated pentagonal gyrocupolarotunda",
  "faces": [
    [9, 3, 10],
    [18, 21, 27],
    [20, 30, 25],
    [12, 17, 8],
    [5, 1, 0],
    [15, 7, 16],
    [7, 2, 4],
    [16, 19, 26],
    [19, 11, 22],
    [26, 33, 31],
    [33, 29, 34],
    [31, 28, 23],
    [28, 32, 24],
    [23, 13, 15],
    [13, 14, 6],
    [9, 5, 0, 3],
    [18, 9, 10, 21],
    [20, 18, 27, 30],
    [12, 20, 25, 17],
    [5, 12, 8, 1],
    [25, 29, 22, 17],
    [17, 22, 11, 8],
    [8, 11, 4, 1],
    [1, 4, 2, 0],
    [0, 2, 6, 3],
    [3, 6, 14, 10],
    [10, 14, 24, 21],
    [21, 24, 32, 27],
    [27, 32, 34, 30],
    [30, 34, 29, 25],
    [5, 9, 18, 20, 12],
    [15, 16, 26, 31, 23],
    [15, 13, 6, 2, 7],
    [16, 7, 4, 11, 19],
    [26, 19, 22, 29, 33],
    [31, 33, 34, 32, 28],
    [23, 28, 24, 14, 13]
  ]
}
