{
  "edges": [
    [0, 2],
    [2, 4],
    [4, 0],
    [3, 2],
    [0, 1],
    [1, 3],
    [5, 3],
    [1, 5],
    [4, 6],
    [6, 1],
    [6, 5],
    [3, 6]
  ],
  "vertices": [
    [-0.793941, -0.708614, 0.016702],
    [-0.451882, 0.284418, 0.56528],
    [-0.252303, -0.348111, -0.97361],
    [0.089756, 0.64492, -0.425033],
    [0.340161, -0.993103, -0.175472],
    [0.385988, 1.120562, 0.619029],
    [0.68222, -7.2e-5, 0.373105]
  ],
  "name": "elongated triangular pyramid",
  "faces": [
    [0, 2, 4],
    [5, 3, 1],
    [5, 1, 6],
    [5, 6, 3],
    [3, 2, 0, 1],
    [1, 0, 4, 6],
    [6, 4, 2, 3]
  ]
}
