{
  "edges": [
    [6, 11],
    [11, 19],
    [19, 20],
    [20, 12],
    [12, 6],
    [6, 0],
    [0, 4],
    [4, 11],
    [4, 13],
    [13, 11],
    [13, 21],
    [21, 19],
    [21, 26],
    [26, 19],
    [26, 28],
    [28, 20],
    [28, 24],
    [24, 20],
    [24, 15],
    [15, 12],
    [15, 7],
    [7, 12],
    [7, 2],
    [2, 6],
    [2, 0],
    [17, 9],
    [9, 10],
    [10, 18],
    [18, 23],
    [23, 17],
    [17, 14],
    [14, 5],
    [5, 9],
    [5, 1],
    [1, 9],
    [1, 3],
    [3, 10],
    [3, 8],
    [8, 10],
    [8, 16],
    [16, 18],
    [16, 25],
    [25, 18],
    [25, 29],
    [29, 23],
    [29, 27],
    [27, 23],
    [27, 22],
    [22, 17],
    [22, 14],
    [24, 25],
    [16, 15],
    [8, 7],
    [3, 2],
    [1, 0],
    [5, 4],
    [14, 13],
    [22, 21],
    [27, 26],
    [29, 28]
  ],
  "vertices": [
    [-1.006864, 0.217224, -0.290603],
    [-0.990318, 0.219795, 0.341133],
    [-0.944481, -0.411647, -0.289678],
    [-0.927935, -0.409077, 0.342059],
    [-0.687819, 0.762632, -0.301179],
    [-0.671273, 0.765203, 0.330558],
    [-0.551737, -0.055664, -0.63377],
    [-0.524499, -0.883775, -0.298756],
    [-0.507953, -0.881203, 0.33298],
    [-0.446854, 0.274173, 0.659035],
    [-0.384471, -0.354698, 0.65996],
    [-0.232692, 0.489744, -0.644346],
    [-0.131755, -0.527791, -0.642848],
    [-0.10921, 1.01625, -0.317365],
    [-0.092665, 1.018821, 0.314371],
    [0.092664, -1.018821, -0.314371],
    [0.10921, -1.01625, 0.317365],
    [0.131755, 0.527791, 0.642848],
    [0.232692, -0.489745, 0.644346],
    [0.384471, 0.354698, -0.65996],
    [0.446854, -0.274173, -0.659035],
    [0.507953, 0.881203, -0.33298],
    [0.524499, 0.883774, 0.298756],
    [0.551737, 0.055664, 0.63377],
    [0.671273, -0.765203, -0.330558],
    [0.687819, -0.762632, 0.301179],
    [0.927935, 0.409076, -0.342059],
    [0.944481, 0.411647, 0.289678],
    [0.990318, -0.219795, -0.341133],
    [1.006864, -0.217224, 0.290603]
  ],
  "name": "elongated pentagonal gyrobicupola",
  "faces": [
    [11, 4, 13],
    [19, 21, 26],
    [20, 28, 24],
    [12, 15, 7],
    [6, 2, 0],
    [9, 5, 1],
    [10, 3, 8],
    [18, 16, 25],
    [23, 29, 27],
    [17, 22, 14],
    [11, 6, 0, 4],
    [19, 11, 13, 21],
    [20, 19, 26, 28],
    [12, 20, 24, 15],
    [6, 12, 7, 2],
    [9, 17, 14, 5],
    [10, 9, 1, 3],
    [18, 10, 8, 16],
    [23, 18, 25, 29],
    [17, 23, 27, 22],
    [24, 25, 16, 15],
    [15, 16, 8, 7],
    [7, 8, 3, 2],
    [2, 3, 1, 0],
    [0, 1, 5, 4],
    [4, 5, 14, 13],
    [13, 14, 22, 21],
    [21, 22, 27, 26],
    [26, 27, 29, 28],
    [28, 29, 25, 24],
    [6, 11, 19, 20, 12],
    [17, 9, 10, 18, 23]
  ]
}
