{
  "edges": [
    [12, 17],
    [17, 24],
    [24, 23],
    [23, 15],
    [15, 12],
    [12, 5],
    [5, 10],
    [10, 17],
    [10, 19],
    [19, 17],
    [19, 26],
    [26, 24],
    [26, 29],
    [29, 24],
    [29, 28],
    [28, 23],
    [28, 22],
    [22, 23],
    [22, 14],
    [14, 15],
    [14, 7],
    [7, 15],
    [7, 2],
    [2, 12],
    [2, 5],
    [9, 4],
    [4, 8],
    [8, 16],
    [16, 18],
    [18, 9],
    [9, 6],
    [6, 1],
    [1, 4],
    [1, 0],
    [0, 4],
    [0, 3],
    [3, 8],
    [3, 11],
    [11, 8],
    [11, 20],
    [20, 16],
    [20, 25],
    [25, 16],
    [25, 27],
    [27, 18],
    [27, 21],
    [21, 18],
    [21, 13],
    [13, 9],
    [13, 6],
    [22, 20],
    [11, 14],
    [3, 7],
    [0, 2],
    [1, 5],
    [6, 10],
    [13, 19],
    [21, 26],
    [27, 29],
    [25, 28]
  ],
  "vertices": [
    [-1.047541, -0.14473, -0.164687],
    [-0.97266, 0.443085, 0.054945],
    [-0.794156, 0.029302, -0.716846],
    [-0.77069, -0.7105, -0.215961],
    [-0.748241, -0.047945, 0.383423],
    [-0.719275, 0.617116, -0.497215],
    [-0.574648, 0.82842, 0.359043],
    [-0.517304, -0.536469, -0.76812],
    [-0.471389, -0.613715, 0.332149],
    [-0.350229, 0.33739, 0.687521],
    [-0.321263, 1.002451, -0.193117],
    [-0.247853, -1.03812, -0.079291],
    [-0.228431, 0.309073, -0.749313],
    [-0.005532, 0.864089, 0.631452],
    [0.005532, -0.864089, -0.631452],
    [0.048421, -0.256696, -0.800587],
    [0.097726, -0.578045, 0.604557],
    [0.169581, 0.694408, -0.445215],
    [0.172608, 0.009769, 0.824189],
    [0.247853, 1.03812, 0.079291],
    [0.321263, -1.002451, 0.193117],
    [0.517305, 0.536469, 0.76812],
    [0.574648, -0.82842, -0.359043],
    [0.617537, -0.221027, -0.528178],
    [0.692418, 0.366788, -0.308546],
    [0.719275, -0.617116, 0.497214],
    [0.77069, 0.7105, 0.215961],
    [0.794156, -0.029301, 0.716846],
    [0.97266, -0.443085, -0.054945],
    [1.047542, 0.14473, 0.164687]
  ],
  "name": "elongated pentagonal orthobicupola",
  "faces": [
    [17, 10, 19],
    [24, 26, 29],
    [23, 28, 22],
    [15, 14, 7],
    [12, 2, 5],
    [4, 1, 0],
    [8, 3, 11],
    [16, 20, 25],
    [18, 27, 21],
    [9, 13, 6],
    [17, 12, 5, 10],
    [24, 17, 19, 26],
    [23, 24, 29, 28],
    [15, 23, 22, 14],
    [12, 15, 7, 2],
    [4, 9, 6, 1],
    [8, 4, 0, 3],
    [16, 8, 11, 20],
    [18, 16, 25, 27],
    [9, 18, 21, 13],
    [22, 20, 11, 14],
    [14, 11, 3, 7],
    [7, 3, 0, 2],
    [2, 0, 1, 5],
    [5, 1, 6, 10],
    [10, 6, 13, 19],
    [19, 13, 21, 26],
    [26, 21, 27, 29],
    [29, 27, 25, 28],
    [28, 25, 20, 22],
    [12, 17, 24, 23, 15],
    [9, 4, 8, 16, 18]
  ]
}
