{
  "edges": [
    [9, 8],
    [8, 5],
    [5, 6],
    [6, 9],
    [9, 7],
    [7, 8],
    [5, 2],
    [2, 6],
    [8, 3],
    [3, 0],
    [0, 5],
    [7, 3],
    [0, 2],
    [3, 4],
    [4, 1],
    [1, 0],
    [7, 4],
    [1, 2],
    [4, 9],
    [6, 1]
  ],
  "vertices": [
    [-0.669867, 0.334933, -0.529576],
    [-0.669867, 0.334933, 0.529577],
    [-0.4043, 1.212901, 0.0],
    [-0.334933, -0.669867, -0.529576],
    [-0.334933, -0.669867, 0.529577],
    [0.334933, 0.669867, -0.529576],
    [0.334933, 0.669867, 0.529577],
    [0.4043, -1.212901, 0.0],
    [0.669867, -0.334933, -0.529576],
    [0.669867, -0.334933, 0.529577]
  ],
  "name": "elongated square bipyramid",
  "faces": [
    [8, 9, 7],
    [6, 5, 2],
    [3, 8, 7],
    [5, 0, 2],
    [4, 3, 7],
    [0, 1, 2],
    [9, 4, 7],
    [1, 6, 2],
    [9, 8, 5, 6],
    [8, 3, 0, 5],
    [3, 4, 1, 0],
    [4, 9, 6, 1]
  ]
}
