{
  "edges": [
    [10, 11],
    [11, 9],
    [9, 7],
    [7, 10],
    [10, 8],
    [8, 11],
    [9, 3],
    [3, 7],
    [11, 6],
    [6, 5],
    [5, 9],
    [8, 6],
    [5, 3],
    [6, 2],
    [2, 0],
    [0, 5],
    [8, 2],
    [0, 3],
    [2, 4],
    [4, 1],
    [1, 0],
    [8, 4],
    [1, 3],
    [4, 10],
    [7, 1]
  ],
  "vertices": [
    [-0.931836, 0.219976, -0.264632],
    [-0.636706, 0.318353, 0.692816],
    [-0.613483, -0.735083, -0.264632],
    [-0.326545, 0.979634, 0.0],
    [-0.318353, -0.636706, 0.692816],
    [-0.159176, 0.477529, -0.856368],
    [0.159176, -0.477529, -0.856368],
    [0.318353, 0.636706, 0.692816],
    [0.326545, -0.979634, 0.0],
    [0.613482, 0.735082, -0.264632],
    [0.636706, -0.318353, 0.692816],
    [0.931835, -0.219977, -0.264632]
  ],
  "name": "elongated pentagonal bipyramid",
  "faces": [
    [11, 10, 8],
    [7, 9, 3],
    [6, 11, 8],
    [9, 5, 3],
    [2, 6, 8],
    [5, 0, 3],
    [4, 2, 8],
    [0, 1, 3],
    [10, 4, 8],
    [1, 7, 3],
    [10, 11, 9, 7],
    [11, 6, 5, 9],
    [6, 2, 0, 5],
    [2, 4, 1, 0],
    [4, 10, 7, 1]
  ]
}
