{
  "edges": [
    [36, 33],
    [33, 45],
    [45, 48],
    [48, 36],
    [45, 55],
    [55, 48],
    [45, 47],
    [47, 56],
    [56, 55],
    [33, 27],
    [27, 35],
    [35, 47],
    [35, 42],
    [42, 47],
    [42, 50],
    [50, 56],
    [23, 31],
    [31, 42],
    [35, 23],
    [23, 18],
    [18, 31],
    [18, 20],
    [20, 34],
    [34, 31],
    [34, 46],
    [46, 50],
    [20, 30],
    [30, 34],
    [30, 41],
    [41, 46],
    [55, 57],
    [57, 49],
    [49, 48],
    [57, 51],
    [51, 49],
    [57, 59],
    [59, 53],
    [53, 51],
    [56, 58],
    [58, 59],
    [59, 54],
    [54, 53],
    [54, 44],
    [44, 43],
    [43, 53],
    [58, 52],
    [52, 54],
    [50, 58],
    [46, 52],
    [52, 41],
    [41, 38],
    [38, 44],
    [30, 24],
    [24, 38],
    [51, 40],
    [40, 39],
    [39, 49],
    [40, 28],
    [28, 39],
    [40, 37],
    [37, 22],
    [22, 28],
    [43, 37],
    [37, 25],
    [25, 22],
    [25, 13],
    [13, 11],
    [11, 22],
    [43, 32],
    [32, 25],
    [44, 32],
    [38, 26],
    [26, 32],
    [26, 14],
    [14, 13],
    [24, 26],
    [24, 12],
    [12, 14],
    [28, 19],
    [19, 29],
    [29, 39],
    [19, 17],
    [17, 29],
    [19, 9],
    [9, 7],
    [7, 17],
    [11, 9],
    [9, 1],
    [1, 7],
    [1, 0],
    [0, 5],
    [5, 7],
    [11, 3],
    [3, 1],
    [13, 3],
    [14, 4],
    [4, 3],
    [4, 2],
    [2, 0],
    [12, 4],
    [12, 10],
    [10, 2],
    [17, 21],
    [21, 36],
    [36, 29],
    [21, 33],
    [21, 15],
    [15, 27],
    [5, 15],
    [15, 16],
    [16, 27],
    [16, 23],
    [5, 6],
    [6, 16],
    [0, 6],
    [2, 8],
    [8, 6],
    [8, 18],
    [10, 8],
    [10, 20]
  ],
  "vertices": [
    [-0.976612, 0.213547, -0.025026],
    [-0.942883, -0.134569, -0.304734],
    [-0.917763, 0.061996, 0.392261],
    [-0.863187, -0.501268, -0.060316],
    [-0.847662, -0.379783, 0.37045],
    [-0.806942, 0.483006, -0.339927],
    [-0.791417, 0.60449, 0.090839],
    [-0.773213, 0.13489, -0.619635],
    [-0.732567, 0.452939, 0.508126],
    [-0.703113, -0.306889, -0.641445],
    [-0.652871, 0.086241, 0.752543],
    [-0.623417, -0.673588, -0.397028],
    [-0.582771, -0.355538, 0.730732],
    [-0.564567, -0.825138, 0.020258],
    [-0.549042, -0.703654, 0.451025],
    [-0.47356, 0.76745, -0.432161],
    [-0.458035, 0.888934, -0.001394],
    [-0.418985, 0.204186, -0.884738],
    [-0.362814, 0.643719, 0.673789],
    [-0.348885, -0.237593, -0.906548],
    [-0.283118, 0.277021, 0.918206],
    [-0.23379, 0.595129, -0.768872],
    [-0.219935, -0.830923, -0.511073],
    [-0.193143, 0.913179, 0.358888],
    [-0.169693, -0.437793, 0.882916],
    [-0.161085, -0.982474, -0.093786],
    [-0.135964, -0.785909, 0.603208],
    [-0.103807, 0.95823, -0.266497],
    [-0.050264, -0.561464, -0.825973],
    [-0.015503, 0.04685, -0.998782],
    [0.015502, -0.04685, 0.998781],
    [0.075132, 0.737294, 0.671381],
    [0.103807, -0.958229, 0.266497],
    [0.135964, 0.78591, -0.603209],
    [0.154828, 0.370596, 0.915798],
    [0.161084, 0.982475, 0.093785],
    [0.169693, 0.437794, -0.882917],
    [0.193143, -0.913178, -0.358889],
    [0.233789, -0.595129, 0.768871],
    [0.283118, -0.277021, -0.918207],
    [0.362813, -0.643719, -0.67379],
    [0.418985, -0.204186, 0.884737],
    [0.42936, 0.80659, 0.406278],
    [0.458035, -0.888933, 0.001394],
    [0.47356, -0.767449, 0.43216],
    [0.549042, 0.703655, -0.451025],
    [0.558311, 0.21326, 0.801754],
    [0.564567, 0.825139, -0.020259],
    [0.582771, 0.355539, -0.730733],
    [0.652871, -0.08624, -0.752544],
    [0.727981, 0.48272, 0.486853],
    [0.732567, -0.452939, -0.508127],
    [0.773213, -0.13489, 0.619634],
    [0.791417, -0.60449, -0.09084],
    [0.806942, -0.483006, 0.339926],
    [0.847662, 0.379784, -0.370451],
    [0.863187, 0.501268, 0.060316],
    [0.917763, -0.061995, -0.392261],
    [0.942883, 0.13457, 0.304733],
    [0.976612, -0.213546, 0.025025]
  ],
  "name": "gyrate rhombicosidodecahedron",
  "faces": [
    [48, 45, 55],
    [35, 42, 47],
    [23, 18, 31],
    [20, 30, 34],
    [49, 57, 51],
    [59, 54, 53],
    [56, 50, 58],
    [46, 41, 52],
    [39, 40, 28],
    [37, 25, 22],
    [43, 44, 32],
    [38, 24, 26],
    [29, 19, 17],
    [9, 1, 7],
    [11, 13, 3],
    [14, 12, 4],
    [36, 21, 33],
    [15, 16, 27],
    [5, 0, 6],
    [2, 10, 8],
    [36, 33, 45, 48],
    [45, 47, 56, 55],
    [47, 42, 50, 56],
    [23, 31, 42, 35],
    [18, 20, 34, 31],
    [34, 30, 41, 46],
    [48, 55, 57, 49],
    [57, 59, 53, 51],
    [53, 54, 44, 43],
    [58, 52, 54, 59],
    [50, 46, 52, 58],
    [41, 30, 24, 38],
    [49, 51, 40, 39],
    [40, 37, 22, 28],
    [22, 25, 13, 11],
    [43, 32, 25, 37],
    [44, 38, 26, 32],
    [26, 24, 12, 14],
    [39, 28, 19, 29],
    [19, 9, 7, 17],
    [7, 1, 0, 5],
    [11, 3, 1, 9],
    [13, 14, 4, 3],
    [4, 12, 10, 2],
    [29, 17, 21, 36],
    [21, 15, 27, 33],
    [27, 16, 23, 35],
    [5, 6, 16, 15],
    [0, 2, 8, 6],
    [8, 10, 20, 18],
    [33, 27, 35, 47, 45],
    [31, 34, 46, 50, 42],
    [55, 56, 58, 59, 57],
    [52, 41, 38, 44, 54],
    [51, 53, 43, 37, 40],
    [32, 26, 14, 13, 25],
    [28, 22, 11, 9, 19],
    [3, 4, 2, 0, 1],
    [17, 7, 5, 15, 21],
    [6, 8, 18, 23, 16],
    [36, 48, 49, 39, 29],
    [10, 12, 24, 30, 20]
  ]
}
