{
  "edges": [
    [28, 23],
    [23, 16],
    [16, 9],
    [9, 4],
    [4, 5],
    [5, 10],
    [10, 17],
    [17, 24],
    [24, 29],
    [29, 28],
    [2, 9],
    [9, 11],
    [11, 2],
    [16, 11],
    [16, 19],
    [19, 11],
    [23, 19],
    [23, 25],
    [25, 19],
    [28, 25],
    [28, 27],
    [27, 25],
    [29, 27],
    [29, 26],
    [26, 27],
    [24, 26],
    [15, 18],
    [18, 13],
    [13, 6],
    [6, 8],
    [8, 15],
    [15, 14],
    [14, 19],
    [25, 22],
    [22, 15],
    [22, 18],
    [27, 22],
    [26, 21],
    [21, 18],
    [21, 13],
    [26, 20],
    [20, 21],
    [20, 12],
    [12, 7],
    [7, 13],
    [7, 6],
    [12, 3],
    [3, 7],
    [3, 0],
    [0, 1],
    [1, 6],
    [1, 8],
    [0, 2],
    [2, 1],
    [11, 14],
    [14, 8],
    [24, 20],
    [17, 20],
    [17, 12],
    [10, 12],
    [10, 3],
    [5, 3],
    [5, 0],
    [4, 0],
    [4, 2]
  ],
  "vertices": [
    [-0.897802, -0.193467, -0.273331],
    [-0.877838, -0.070089, 0.304735],
    [-0.73072, -0.609618, 0.112262],
    [-0.716275, 0.285603, -0.568831],
    [-0.703732, -0.716856, -0.46873],
    [-0.696138, -0.246211, -0.826802],
    [-0.683973, 0.485232, 0.366499],
    [-0.584121, 0.705062, -0.173395],
    [-0.51689, 0.069081, 0.752092],
    [-0.378328, -1.037777, -0.09336],
    [-0.358446, 0.194389, -1.030805],
    [-0.278847, -0.803894, 0.440665],
    [-0.255475, 0.644603, -0.661367],
    [-0.223173, 0.844232, 0.273963],
    [-0.146694, -0.384435, 0.836102],
    [0.047172, 0.170886, 0.897866],
    [0.15578, -1.086392, 0.15593],
    [0.180355, 0.436649, -1.002815],
    [0.228699, 0.649956, 0.602366],
    [0.285215, -0.70209, 0.586439],
    [0.308587, 0.746408, -0.515593],
    [0.328551, 0.869786, 0.062473],
    [0.598896, 0.196439, 0.686376],
    [0.694582, -0.844133, 0.183918],
    [0.714463, 0.388033, -0.753526],
    [0.746014, -0.343089, 0.493903],
    [0.760459, 0.552132, -0.18719],
    [0.927542, 0.135981, 0.198403],
    [1.032273, -0.403533, -0.020084],
    [1.039867, 0.067112, -0.378156]
  ],
  "name": "gyroelongated pentagonal rotunda",
  "faces": [
    [2, 9, 11],
    [11, 9, 16],
    [11, 16, 19],
    [19, 16, 23],
    [19, 23, 25],
    [25, 23, 28],
    [25, 28, 27],
    [27, 28, 29],
    [27, 29, 26],
    [26, 29, 24],
    [15, 22, 18],
    [22, 25, 27],
    [18, 21, 13],
    [21, 26, 20],
    [13, 7, 6],
    [7, 12, 3],
    [6, 1, 8],
    [1, 0, 2],
    [8, 14, 15],
    [14, 11, 19],
    [26, 24, 20],
    [20, 24, 17],
    [20, 17, 12],
    [12, 17, 10],
    [12, 10, 3],
    [3, 10, 5],
    [3, 5, 0],
    [0, 5, 4],
    [0, 4, 2],
    [2, 4, 9],
    [15, 18, 13, 6, 8],
    [15, 14, 19, 25, 22],
    [18, 22, 27, 26, 21],
    [13, 21, 20, 12, 7],
    [6, 7, 3, 0, 1],
    [8, 1, 2, 11, 14],
    [28, 23, 16, 9, 4, 5, 10, 17, 24, 29]
  ]
}
