{
  "edges": [
    [4, 7],
    [7, 8],
    [8, 4],
    [7, 6],
    [6, 8],
    [6, 3],
    [3, 8],
    [6, 1],
    [1, 3],
    [1, 0],
    [0, 3],
    [1, 2],
    [2, 0],
    [2, 4],
    [4, 0],
    [2, 7],
    [8, 5],
    [5, 4],
    [3, 5],
    [0, 5]
  ],
  "vertices": [
    [-0.776892, 0.173498, 0.416855],
    [-0.68155, 0.270757, -0.747914],
    [-0.646922, -0.78715, -0.243069],
    [0.020463, 0.897066, -0.047806],
    [0.069435, -0.599041, 0.666153],
    [0.15263, 0.505992, 1.049841],
    [0.480709, 0.236129, -0.900199],
    [0.515337, -0.821778, -0.395353],
    [0.866791, 0.124527, 0.201492]
  ],
  "name": "gyroelongated square pyramid",
  "faces": [
    [4, 7, 8],
    [8, 7, 6],
    [8, 6, 3],
    [3, 6, 1],
    [3, 1, 0],
    [0, 1, 2],
    [0, 2, 4],
    [4, 2, 7],
    [4, 8, 5],
    [8, 3, 5],
    [3, 0, 5],
    [0, 4, 5],
    [1, 6, 7, 2]
  ]
}
