{
  "edges": [
    [11, 14],
    [14, 6],
    [6, 11],
    [11, 13],
    [13, 17],
    [17, 14],
    [17, 12],
    [12, 14],
    [12, 4],
    [4, 6],
    [4, 0],
    [0, 6],
    [0, 5],
    [5, 11],
    [5, 13],
    [9, 10],
    [10, 3],
    [3, 9],
    [9, 15],
    [15, 16],
    [16, 10],
    [16, 8],
    [8, 10],
    [8, 2],
    [2, 3],
    [2, 1],
    [1, 3],
    [1, 7],
    [7, 9],
    [7, 15],
    [4, 1],
    [1, 0],
    [2, 0],
    [2, 5],
    [8, 5],
    [8, 13],
    [16, 13],
    [16, 17],
    [15, 17],
    [15, 12],
    [7, 12],
    [7, 4]
  ],
  "vertices": [
    [-0.789003, 0.385273, -0.254111],
    [-0.772339, -0.452189, -0.185879],
    [-0.761383, 0.026005, 0.505125],
    [-0.611639, -0.798949, 0.562592],
    [-0.381598, -0.074991, -0.82722],
    [-0.362623, 0.753266, 0.369634],
    [-0.289802, 0.760316, -0.816621],
    [-0.055737, -0.771195, -0.487529],
    [-0.033826, 0.185193, 0.894479],
    [0.104963, -1.117956, 0.260942],
    [0.115918, -0.639761, 0.951946],
    [0.136578, 1.128308, -0.192876],
    [0.452187, -0.167262, -0.776585],
    [0.471162, 0.660994, 0.420269],
    [0.543983, 0.668044, -0.765985],
    [0.67182, -0.612007, -0.098176],
    [0.682775, -0.133813, 0.592828],
    [0.878567, 0.200731, -0.15284]
  ],
  "name": "gyroelongated triangular bicupola",
  "faces": [
    [11, 14, 6],
    [14, 17, 12],
    [6, 4, 0],
    [11, 5, 13],
    [9, 10, 3],
    [10, 16, 8],
    [3, 2, 1],
    [9, 7, 15],
    [4, 1, 0],
    [0, 1, 2],
    [0, 2, 5],
    [5, 2, 8],
    [5, 8, 13],
    [13, 8, 16],
    [13, 16, 17],
    [17, 16, 15],
    [17, 15, 12],
    [12, 15, 7],
    [12, 7, 4],
    [4, 7, 1],
    [14, 11, 13, 17],
    [6, 14, 12, 4],
    [11, 6, 0, 5],
    [10, 9, 15, 16],
    [3, 10, 8, 2],
    [9, 3, 1, 7]
  ]
}
