{
  "edges": [
    [5, 13],
    [13, 9],
    [9, 2],
    [2, 5],
    [5, 8],
    [8, 16],
    [16, 13],
    [16, 20],
    [20, 13],
    [20, 18],
    [18, 9],
    [18, 12],
    [12, 9],
    [12, 4],
    [4, 2],
    [4, 0],
    [0, 2],
    [0, 1],
    [1, 5],
    [1, 8],
    [21, 14],
    [14, 10],
    [10, 17],
    [17, 21],
    [21, 22],
    [22, 15],
    [15, 14],
    [15, 7],
    [7, 14],
    [7, 3],
    [3, 10],
    [3, 6],
    [6, 10],
    [6, 11],
    [11, 17],
    [11, 19],
    [19, 17],
    [19, 23],
    [23, 21],
    [23, 22],
    [12, 11],
    [11, 4],
    [6, 4],
    [6, 0],
    [3, 0],
    [3, 1],
    [7, 1],
    [7, 8],
    [15, 8],
    [15, 16],
    [22, 16],
    [22, 20],
    [23, 20],
    [23, 18],
    [19, 18],
    [19, 12]
  ],
  "vertices": [
    [-0.984615, -0.215433, 0.042813],
    [-0.835086, 0.417027, 0.382665],
    [-0.776626, 0.078669, -0.596021],
    [-0.681291, -0.220722, 0.710519],
    [-0.642753, -0.628915, -0.457214],
    [-0.627097, 0.71113, -0.256169],
    [-0.577202, -0.786781, 0.255979],
    [-0.300907, 0.381853, 0.883943],
    [-0.281757, 0.897979, 0.36326],
    [-0.143631, 0.126378, -0.963315],
    [-0.068623, -0.621064, 0.757726],
    [-0.049613, -0.984736, -0.213412],
    [-0.009758, -0.581206, -0.824509],
    [0.005899, 0.758839, -0.623463],
    [0.311761, -0.018489, 0.931151],
    [0.341127, 0.667962, 0.674663],
    [0.351238, 0.945688, -0.004035],
    [0.458966, -0.819019, 0.288335],
    [0.54357, -0.100253, -0.843914],
    [0.592421, -0.698626, -0.422693],
    [0.6931, 0.532207, -0.504062],
    [0.83935, -0.216444, 0.461759],
    [0.868716, 0.470008, 0.205272],
    [0.972805, -0.096052, -0.249268]
  ],
  "name": "gyroelongated square bicupola",
  "faces": [
    [13, 16, 20],
    [9, 18, 12],
    [2, 4, 0],
    [5, 1, 8],
    [14, 15, 7],
    [10, 3, 6],
    [17, 11, 19],
    [21, 23, 22],
    [12, 11, 4],
    [4, 11, 6],
    [4, 6, 0],
    [0, 6, 3],
    [0, 3, 1],
    [1, 3, 7],
    [1, 7, 8],
    [8, 7, 15],
    [8, 15, 16],
    [16, 15, 22],
    [16, 22, 20],
    [20, 22, 23],
    [20, 23, 18],
    [18, 23, 19],
    [18, 19, 12],
    [12, 19, 11],
    [5, 13, 9, 2],
    [13, 5, 8, 16],
    [9, 13, 20, 18],
    [2, 9, 12, 4],
    [5, 2, 0, 1],
    [21, 14, 10, 17],
    [14, 21, 22, 15],
    [10, 14, 7, 3],
    [17, 10, 6, 11],
    [21, 17, 19, 23]
  ]
}
