{
  "edges": [
    [0, 4],
    [4, 5],
    [5, 3],
    [3, 0],
    [2, 5],
    [4, 1],
    [1, 2],
    [0, 6],
    [6, 7],
    [7, 1],
    [1, 0],
    [2, 7],
    [6, 3],
    [3, 2]
  ],
  "vertices": [
    [-0.57735, 0.57735, 0.0],
    [0.57735, 0.57735, 0.0],
    [0.57735, -0.57735, 0.0],
    [-0.57735, -0.57735, 0.0],
    [0.0, 0.57735, 1.0],
    [0.0, -0.57735, 1.0],
    [-0.57735, 0.0, -1.0],
    [0.57735, 0.0, -1.0]
  ],
  "name": "gyrobifastigium",
  "faces": [
    [4, 1, 0],
    [5, 3, 2],
    [6, 3, 0],
    [7, 1, 2],
    [5, 4, 0, 3],
    [4, 5, 2, 1],
    [7, 6, 0, 1],
    [6, 7, 2, 3]
  ]
}
