{
  "edges": [
    [11, 5],
    [5, 1],
    [1, 4],
    [4, 10],
    [10, 14],
    [14, 11],
    [0, 1],
    [1, 2],
    [2, 0],
    [5, 2],
    [5, 8],
    [8, 2],
    [11, 8],
    [11, 13],
    [13, 8],
    [14, 13],
    [3, 9],
    [9, 7],
    [7, 3],
    [3, 2],
    [8, 9],
    [13, 9],
    [13, 12],
    [12, 7],
    [12, 6],
    [6, 7],
    [6, 0],
    [0, 3],
    [14, 12],
    [10, 12],
    [10, 6],
    [4, 6],
    [4, 0]
  ],
  "vertices": [
    [-0.846878, 0.066004, 0.311423],
    [-0.766106, 0.678635, -0.329908],
    [-0.708152, -0.186985, -0.531132],
    [-0.64897, -0.782761, 0.128183],
    [-0.452751, 0.845109, 0.48694],
    [-0.21247, 0.406919, -0.972407],
    [-0.165405, 0.101357, 0.883692],
    [0.032503, -0.747408, 0.700451],
    [0.112048, -0.404621, -0.801418],
    [0.17123, -1.000397, -0.142104],
    [0.41424, 0.739868, 0.66129],
    [0.654521, 0.301678, -0.798058],
    [0.654794, -0.116279, 0.613406],
    [0.793521, -0.369268, -0.229149],
    [0.967876, 0.468152, 0.018791]
  ],
  "name": "gyroelongated triangular cupola",
  "faces": [
    [0, 1, 2],
    [2, 1, 5],
    [2, 5, 8],
    [8, 5, 11],
    [8, 11, 13],
    [13, 11, 14],
    [3, 9, 7],
    [9, 8, 13],
    [7, 12, 6],
    [3, 0, 2],
    [13, 14, 12],
    [12, 14, 10],
    [12, 10, 6],
    [6, 10, 4],
    [6, 4, 0],
    [0, 4, 1],
    [9, 3, 2, 8],
    [7, 9, 13, 12],
    [3, 7, 6, 0],
    [11, 5, 1, 4, 10, 14]
  ]
}
