{
  "edges": [
    [0, 1],
    [1, 3],
    [3, 4],
    [4, 2],
    [2, 0],
    [0, 6],
    [6, 12],
    [12, 10],
    [10, 5],
    [5, 0],
    [5, 1],
    [10, 11],
    [11, 5],
    [11, 13],
    [13, 7],
    [7, 1],
    [7, 3],
    [13, 15],
    [15, 7],
    [15, 17],
    [17, 9],
    [9, 3],
    [9, 4],
    [17, 19],
    [19, 9],
    [19, 18],
    [18, 8],
    [8, 4],
    [8, 2],
    [18, 16],
    [16, 8],
    [16, 14],
    [14, 6],
    [6, 2],
    [14, 12],
    [35, 37],
    [37, 39],
    [39, 38],
    [38, 36],
    [36, 35],
    [35, 30],
    [30, 20],
    [20, 21],
    [21, 31],
    [31, 35],
    [31, 37],
    [21, 23],
    [23, 31],
    [23, 25],
    [25, 33],
    [33, 37],
    [33, 39],
    [25, 27],
    [27, 33],
    [27, 29],
    [29, 34],
    [34, 39],
    [34, 38],
    [29, 28],
    [28, 34],
    [28, 26],
    [26, 32],
    [32, 38],
    [32, 36],
    [26, 24],
    [24, 32],
    [24, 22],
    [22, 30],
    [30, 36],
    [22, 20],
    [17, 28],
    [28, 19],
    [29, 19],
    [29, 18],
    [27, 18],
    [27, 16],
    [25, 16],
    [25, 14],
    [23, 14],
    [23, 12],
    [21, 12],
    [21, 10],
    [20, 10],
    [20, 11],
    [22, 11],
    [22, 13],
    [24, 13],
    [24, 15],
    [26, 15],
    [26, 17]
  ],
  "vertices": [
    [-1.023844, 0.34935, 0.211966],
    [-1.02284, 0.245289, -0.329944],
    [-0.984402, -0.132386, 0.478181],
    [-0.982778, -0.300762, -0.398647],
    [-0.959023, -0.534178, 0.100801],
    [-0.762835, 0.690856, -0.134076],
    [-0.724398, 0.313181, 0.674049],
    [-0.72177, 0.040743, -0.74469],
    [-0.659577, -0.570348, 0.562884],
    [-0.657953, -0.738723, -0.313945],
    [-0.302078, 0.865747, 0.11414],
    [-0.301074, 0.761686, -0.427769],
    [-0.278322, 0.632332, 0.613589],
    [-0.275694, 0.359894, -0.805149],
    [-0.238881, 0.150594, 0.879804],
    [-0.235633, -0.186157, -0.873853],
    [-0.198819, -0.395456, 0.8111],
    [-0.196192, -0.667893, -0.607638],
    [-0.173439, -0.797247, 0.43372],
    [-0.172436, -0.901309, -0.10819],
    [0.169627, 0.892069, -0.170988],
    [0.181588, 0.824063, 0.376487],
    [0.183498, 0.626126, -0.654287],
    [0.214813, 0.448086, 0.77902],
    [0.217902, 0.127816, -0.888807],
    [0.25661, -0.092255, 0.882858],
    [0.259699, -0.412524, -0.784969],
    [0.291015, -0.590564, 0.648338],
    [0.292924, -0.788502, -0.382436],
    [0.304885, -0.856507, 0.165038],
    [0.65102, 0.715912, -0.375257],
    [0.670374, 0.605876, 0.510575],
    [0.706688, -0.090371, -0.754719],
    [0.738003, -0.268411, 0.678589],
    [0.760446, -0.698716, -0.103406],
    [0.960498, 0.539035, 0.045972],
    [0.974369, 0.273093, -0.437327],
    [0.993723, 0.163058, 0.448505],
    [1.016166, -0.267247, -0.333489],
    [1.028128, -0.335253, 0.213985]
  ],
  "name": "gyroelongated pentagonal birotunda",
  "faces": [
    [0, 5, 1],
    [5, 10, 11],
    [1, 7, 3],
    [7, 13, 15],
    [3, 9, 4],
    [9, 17, 19],
    [4, 8, 2],
    [8, 18, 16],
    [2, 6, 0],
    [6, 14, 12],
    [35, 31, 37],
    [31, 21, 23],
    [37, 33, 39],
    [33, 25, 27],
    [39, 34, 38],
    [34, 29, 28],
    [38, 32, 36],
    [32, 26, 24],
    [36, 30, 35],
    [30, 22, 20],
    [17, 28, 19],
    [19, 28, 29],
    [19, 29, 18],
    [18, 29, 27],
    [18, 27, 16],
    [16, 27, 25],
    [16, 25, 14],
    [14, 25, 23],
    [14, 23, 12],
    [12, 23, 21],
    [12, 21, 10],
    [10, 21, 20],
    [10, 20, 11],
    [11, 20, 22],
    [11, 22, 13],
    [13, 22, 24],
    [13, 24, 15],
    [15, 24, 26],
    [15, 26, 17],
    [17, 26, 28],
    [0, 1, 3, 4, 2],
    [0, 6, 12, 10, 5],
    [1, 5, 11, 13, 7],
    [3, 7, 15, 17, 9],
    [4, 9, 19, 18, 8],
    [2, 8, 16, 14, 6],
    [35, 37, 39, 38, 36],
    [35, 30, 20, 21, 31],
    [37, 31, 23, 25, 33],
    [39, 33, 27, 29, 34],
    [38, 34, 28, 26, 32],
    [36, 32, 24, 22, 30]
  ]
}
