{
  "edges": [
    [10, 4],
    [4, 0],
    [0, 3],
    [3, 9],
    [9, 15],
    [15, 19],
    [19, 16],
    [16, 10],
    [1, 0],
    [0, 2],
    [2, 1],
    [4, 2],
    [4, 8],
    [8, 2],
    [10, 8],
    [10, 14],
    [14, 8],
    [16, 14],
    [16, 18],
    [18, 14],
    [19, 18],
    [7, 13],
    [13, 12],
    [12, 6],
    [6, 7],
    [7, 8],
    [14, 13],
    [18, 13],
    [18, 17],
    [17, 12],
    [17, 11],
    [11, 12],
    [11, 5],
    [5, 6],
    [5, 1],
    [1, 6],
    [2, 7],
    [19, 17],
    [15, 17],
    [15, 11],
    [9, 11],
    [9, 5],
    [3, 5],
    [3, 1]
  ],
  "vertices": [
    [-0.96917, 0.321358, -0.364138],
    [-0.902194, 0.146986, 0.353054],
    [-0.885918, -0.386527, -0.161101],
    [-0.700663, 0.819184, 0.114745],
    [-0.670588, -0.166619, -0.835289],
    [-0.389781, 0.533335, 0.723761],
    [-0.377102, -0.207546, 0.737557],
    [-0.360826, -0.741059, 0.223402],
    [-0.350486, -0.754679, -0.51752],
    [-0.022354, 1.035239, 0.320838],
    [0.020179, -0.358897, -1.022714],
    [0.351157, 0.546203, 0.733864],
    [0.363836, -0.194678, 0.74766],
    [0.380112, -0.728191, 0.233505],
    [0.390452, -0.741811, -0.507416],
    [0.668412, 0.842961, 0.133414],
    [0.698487, -0.142842, -0.816621],
    [0.886588, 0.178052, 0.377446],
    [0.902865, -0.355461, -0.136709],
    [0.966994, 0.354984, -0.337737]
  ],
  "name": "gyroelongated square cupola",
  "faces": [
    [1, 0, 2],
    [2, 0, 4],
    [2, 4, 8],
    [8, 4, 10],
    [8, 10, 14],
    [14, 10, 16],
    [14, 16, 18],
    [18, 16, 19],
    [13, 14, 18],
    [12, 17, 11],
    [6, 5, 1],
    [7, 2, 8],
    [18, 19, 17],
    [19, 15, 17],
    [17, 15, 11],
    [11, 15, 9],
    [11, 9, 5],
    [5, 9, 3],
    [5, 3, 1],
    [1, 3, 0],
    [7, 13, 12, 6],
    [13, 7, 8, 14],
    [12, 13, 18, 17],
    [6, 12, 11, 5],
    [7, 6, 1, 2],
    [10, 4, 0, 3, 9, 15, 19, 16]
  ]
}
