{
  "edges": [
    [8, 7],
    [7, 12],
    [12, 13],
    [13, 8],
    [9, 8],
    [13, 9],
    [1, 8],
    [8, 2],
    [2, 1],
    [1, 7],
    [13, 11],
    [11, 10],
    [10, 13],
    [12, 11],
    [9, 2],
    [10, 9],
    [3, 6],
    [6, 12],
    [7, 3],
    [6, 11],
    [1, 3],
    [5, 6],
    [3, 0],
    [0, 5],
    [4, 5],
    [0, 4],
    [11, 5],
    [5, 10],
    [0, 1],
    [2, 0],
    [10, 4],
    [4, 9],
    [4, 2]
  ],
  "vertices": [
    [-0.83117, 0.133549, -0.011648],
    [-0.700039, -0.806136, -0.111242],
    [-0.631074, -0.403619, 0.750934],
    [-0.576095, -0.225432, -0.857931],
    [-0.446282, 0.532211, 0.764918],
    [-0.172487, 0.817558, -0.103263],
    [0.082589, 0.458576, -0.949546],
    [0.105206, -0.849768, -0.620949],
    [0.145599, -0.76155, 0.32811],
    [0.235014, -0.09212, 1.001899],
    [0.469795, 0.739577, 0.597817],
    [0.750772, 0.700456, -0.313032],
    [0.76389, -0.165759, -0.712564],
    [0.804283, -0.077541, 0.236495]
  ],
  "name": "hebesphenomegacorona",
  "faces": [
    [9, 8, 13],
    [1, 8, 2],
    [1, 7, 8],
    [13, 11, 10],
    [13, 12, 11],
    [2, 8, 9],
    [9, 13, 10],
    [12, 6, 11],
    [3, 7, 1],
    [4, 5, 0],
    [11, 5, 10],
    [11, 6, 5],
    [0, 1, 2],
    [0, 3, 1],
    [10, 4, 9],
    [10, 5, 4],
    [4, 2, 9],
    [4, 0, 2],
    [8, 7, 12, 13],
    [3, 6, 12, 7],
    [5, 6, 3, 0]
  ]
}
