{
  "faces": [
    [0, 1, 4, 2],
    [0, 2, 6, 3],
    [1, 5, 8, 4],
    [3, 6, 10, 7],
    [5, 9, 11, 8],
    [7, 10, 11, 9],
    [0, 3, 7, 9, 5, 1],
    [2, 4, 8, 11, 10, 6]
  ],
  "edges": [
    [2, 4],
    [8, 4],
    [10, 11],
    [1, 5],
    [3, 6],
    [9, 11],
    [2, 6],
    [1, 4],
    [10, 6],
    [3, 7],
    [8, 11],
    [10, 7],
    [8, 5],
    [0, 2],
    [9, 5],
    [9, 7],
    [0, 3],
    [0, 1]
  ],
  "name": "hexagonal prism",
  "vertices": [
    [0.0, 0.0, 1.118034],
    [0.8944272, 0.0, 0.6708204],
    [-0.2236068, 0.8660254, 0.6708204],
    [-0.7826238, -0.4330127, 0.6708204],
    [0.6708204, 0.8660254, 0.2236068],
    [1.006231, -0.4330127, -0.2236068],
    [-1.006231, 0.4330127, 0.2236068],
    [-0.6708204, -0.8660254, -0.2236068],
    [0.7826238, 0.4330127, -0.6708204],
    [0.2236068, -0.8660254, -0.6708204],
    [-0.8944272, 0.0, -0.6708204],
    [0.0, 0.0, -1.118034]
  ]
}
