{
  "edges": [
    [31, 21],
    [21, 19],
    [19, 29],
    [29, 31],
    [19, 26],
    [26, 29],
    [19, 10],
    [10, 16],
    [16, 26],
    [21, 12],
    [12, 4],
    [4, 10],
    [10, 6],
    [6, 16],
    [6, 11],
    [11, 20],
    [20, 16],
    [4, 0],
    [0, 6],
    [4, 1],
    [1, 0],
    [1, 3],
    [3, 2],
    [2, 0],
    [2, 7],
    [7, 11],
    [3, 5],
    [5, 2],
    [5, 13],
    [13, 7],
    [26, 35],
    [35, 40],
    [40, 29],
    [35, 44],
    [44, 40],
    [35, 30],
    [30, 41],
    [41, 44],
    [20, 30],
    [30, 32],
    [32, 41],
    [32, 36],
    [36, 45],
    [45, 41],
    [20, 22],
    [22, 32],
    [11, 22],
    [7, 17],
    [17, 22],
    [17, 27],
    [27, 36],
    [13, 17],
    [13, 23],
    [23, 27],
    [44, 51],
    [51, 49],
    [49, 40],
    [51, 52],
    [52, 49],
    [51, 53],
    [53, 54],
    [54, 52],
    [45, 53],
    [45, 48],
    [48, 53],
    [48, 50],
    [50, 54],
    [36, 37],
    [37, 48],
    [27, 37],
    [23, 33],
    [33, 37],
    [33, 39],
    [39, 50],
    [23, 25],
    [25, 33],
    [25, 28],
    [28, 39],
    [52, 46],
    [46, 42],
    [42, 49],
    [46, 43],
    [43, 34],
    [34, 24],
    [24, 14],
    [14, 8],
    [8, 12],
    [31, 42],
    [54, 47],
    [47, 43],
    [47, 38],
    [38, 34],
    [50, 47],
    [39, 38],
    [38, 28],
    [28, 18],
    [18, 24],
    [25, 15],
    [15, 18],
    [8, 1],
    [18, 9],
    [9, 14],
    [9, 3],
    [15, 9],
    [15, 5]
  ],
  "vertices": [
    [-0.969175, 0.215371, -0.127391],
    [-0.952173, -0.166819, -0.363246],
    [-0.946899, -0.019645, 0.255045],
    [-0.929897, -0.401835, 0.01919],
    [-0.840084, 0.222491, -0.557822],
    [-0.781766, -0.392789, 0.443408],
    [-0.765536, 0.610272, -0.059785],
    [-0.729493, 0.230008, 0.559009],
    [-0.721025, -0.390315, -0.677262],
    [-0.684982, -0.770578, -0.058468],
    [-0.636445, 0.617392, -0.490216],
    [-0.617404, 0.619318, 0.364433],
    [-0.608936, -0.001005, -0.871838],
    [-0.56436, -0.143136, 0.747372],
    [-0.555892, -0.763458, -0.488899],
    [-0.536851, -0.761533, 0.36575],
    [-0.419039, 0.867044, -0.186253],
    [-0.360721, 0.251764, 0.814977],
    [-0.305703, -0.985028, 0.051734],
    [-0.279442, 0.637958, -0.76245],
    [-0.270908, 0.87609, 0.237966],
    [-0.26244, 0.255768, -0.998305],
    [-0.248632, 0.641074, 0.620402],
    [-0.185081, -0.357586, 0.857574],
    [-0.176613, -0.977908, -0.378698],
    [-0.168079, -0.739776, 0.621718],
    [-0.062036, 0.887611, -0.458486],
    [0.018558, 0.037315, 0.925179],
    [0.063069, -0.963271, 0.307702],
    [0.169112, 0.664116, -0.772503],
    [0.177646, 0.902248, 0.227913],
    [0.186114, 0.281925, -1.008358],
    [0.199922, 0.667232, 0.610349],
    [0.211888, -0.546211, 0.763647],
    [0.271941, -0.951751, -0.38875],
    [0.306736, 0.909368, -0.202518],
    [0.365054, 0.294088, 0.798712],
    [0.415527, -0.151311, 0.831252],
    [0.420072, -0.942705, 0.035468],
    [0.443036, -0.769707, 0.44963],
    [0.537884, 0.685872, -0.516534],
    [0.556925, 0.687798, 0.338115],
    [0.565393, 0.067476, -0.898156],
    [0.618437, -0.694978, -0.515217],
    [0.686015, 0.694918, -0.092316],
    [0.722058, 0.314654, 0.526478],
    [0.730526, -0.305668, -0.709793],
    [0.766569, -0.685932, -0.090999],
    [0.77253, -0.130744, 0.559019],
    [0.782799, 0.317129, -0.594192],
    [0.789532, -0.512934, 0.323163],
    [0.93093, 0.326175, -0.169974],
    [0.947932, -0.056015, -0.405829],
    [0.953206, 0.091159, 0.212462],
    [0.970208, -0.291031, -0.023393]
  ],
  "name": "metagyrate diminished rhombicosidodecahedron",
  "faces": [
    [29, 19, 26],
    [10, 6, 16],
    [4, 1, 0],
    [3, 5, 2],
    [40, 35, 44],
    [30, 32, 41],
    [20, 11, 22],
    [7, 13, 17],
    [49, 51, 52],
    [45, 48, 53],
    [36, 27, 37],
    [23, 25, 33],
    [54, 50, 47],
    [39, 28, 38],
    [18, 15, 9],
    [31, 21, 19, 29],
    [19, 10, 16, 26],
    [16, 6, 11, 20],
    [4, 0, 6, 10],
    [1, 3, 2, 0],
    [2, 5, 13, 7],
    [29, 26, 35, 40],
    [35, 30, 41, 44],
    [41, 32, 36, 45],
    [20, 22, 32, 30],
    [11, 7, 17, 22],
    [17, 13, 23, 27],
    [40, 44, 51, 49],
    [51, 53, 54, 52],
    [53, 48, 50, 54],
    [36, 37, 48, 45],
    [27, 23, 33, 37],
    [33, 25, 28, 39],
    [49, 52, 46, 42],
    [47, 38, 34, 43],
    [50, 39, 38, 47],
    [28, 25, 15, 18],
    [12, 8, 1, 4],
    [24, 18, 9, 14],
    [9, 15, 5, 3],
    [21, 12, 4, 10, 19],
    [0, 2, 7, 11, 6],
    [26, 16, 20, 30, 35],
    [22, 17, 27, 36, 32],
    [44, 41, 45, 53, 51],
    [37, 33, 39, 50, 48],
    [52, 54, 47, 43, 46],
    [38, 28, 18, 24, 34],
    [14, 9, 3, 1, 8],
    [31, 29, 40, 49, 42],
    [15, 25, 23, 13, 5],
    [42, 46, 43, 34, 24, 14, 8, 12, 21, 31]
  ]
}
