{
  "edges": [
    [40, 44],
    [44, 49],
    [49, 58],
    [58, 65],
    [65, 69],
    [69, 67],
    [67, 62],
    [62, 53],
    [53, 46],
    [46, 40],
    [41, 46],
    [53, 41],
    [11, 14],
    [14, 21],
    [21, 33],
    [33, 40],
    [41, 34],
    [34, 22],
    [22, 15],
    [15, 11],
    [26, 22],
    [34, 26],
    [33, 44],
    [20, 31],
    [31, 43],
    [43, 48],
    [48, 49],
    [21, 18],
    [18, 17],
    [17, 20],
    [14, 18],
    [48, 58],
    [50, 59],
    [59, 66],
    [66, 68],
    [68, 65],
    [43, 38],
    [38, 45],
    [45, 50],
    [31, 38],
    [68, 69],
    [56, 57],
    [57, 61],
    [61, 64],
    [64, 67],
    [66, 63],
    [63, 60],
    [60, 56],
    [59, 63],
    [64, 62],
    [32, 26],
    [61, 52],
    [52, 39],
    [39, 32],
    [57, 52],
    [16, 23],
    [23, 27],
    [27, 30],
    [30, 25],
    [25, 19],
    [19, 12],
    [12, 6],
    [6, 2],
    [2, 9],
    [9, 16],
    [3, 9],
    [2, 3],
    [32, 28],
    [28, 24],
    [24, 16],
    [3, 7],
    [7, 15],
    [7, 11],
    [24, 23],
    [56, 51],
    [51, 37],
    [37, 27],
    [28, 39],
    [37, 30],
    [60, 51],
    [29, 19],
    [25, 29],
    [20, 13],
    [13, 10],
    [10, 12],
    [29, 36],
    [36, 45],
    [36, 50],
    [10, 6],
    [17, 13],
    [0, 4],
    [4, 8],
    [8, 5],
    [5, 1],
    [1, 0],
    [0, 6],
    [10, 4],
    [13, 4],
    [17, 8],
    [18, 8],
    [14, 5],
    [11, 5],
    [7, 1],
    [3, 1],
    [2, 0],
    [35, 47],
    [47, 55],
    [55, 54],
    [54, 42],
    [42, 35],
    [35, 30],
    [37, 47],
    [51, 47],
    [60, 55],
    [63, 55],
    [59, 54],
    [50, 54],
    [36, 42],
    [29, 42],
    [25, 35]
  ],
  "vertices": [
    [-0.989194, -0.091477, -0.102373],
    [-0.986156, -0.109996, 0.232129],
    [-0.908902, 0.23333, -0.08512],
    [-0.905864, 0.214811, 0.249382],
    [-0.892465, -0.388533, -0.22339],
    [-0.887549, -0.418497, 0.317846],
    [-0.850998, 0.061184, -0.366646],
    [-0.843044, 0.012701, 0.509091],
    [-0.829645, -0.590642, 0.03632],
    [-0.810408, 0.497156, 0.096369],
    [-0.754269, -0.235871, -0.487662],
    [-0.744438, -0.2958, 0.594808],
    [-0.658813, 0.046474, -0.640675],
    [-0.655662, -0.544372, -0.401946],
    [-0.647709, -0.592856, 0.473792],
    [-0.645943, -0.031974, 0.776297],
    [-0.593136, 0.75189, 0.108498],
    [-0.592842, -0.746482, -0.142236],
    [-0.589804, -0.765001, 0.192266],
    [-0.405755, 0.194817, -0.802538],
    [-0.400657, -0.761193, -0.416265],
    [-0.392703, -0.809676, 0.459472],
    [-0.389847, 0.09785, 0.948936],
    [-0.340078, 0.900233, -0.053365],
    [-0.33704, 0.881715, 0.281137],
    [-0.188483, 0.449551, -0.790409],
    [-0.172576, 0.352585, 0.961066],
    [-0.147893, 0.885523, -0.327394],
    [-0.139939, 0.83704, 0.548343],
    [-0.091754, 0.152496, -0.911425],
    [-0.089989, 0.713378, -0.60892],
    [-0.086657, -0.803514, -0.525152],
    [-0.07712, 0.63493, 0.808053],
    [-0.076826, -0.863443, 0.557318],
    [-0.073969, 0.044084, 1.046782],
    [0.126005, 0.562254, -0.815685],
    [0.163251, -0.064325, -0.925745],
    [0.166107, 0.843202, -0.436281],
    [0.166401, -0.655171, -0.687015],
    [0.175938, 0.783273, 0.64619],
    [0.179271, -0.733618, 0.729957],
    [0.181036, -0.172737, 1.032463],
    [0.222734, 0.265199, -0.936702],
    [0.229221, -0.857281, -0.427306],
    [0.237175, -0.905764, 0.448431],
    [0.261857, -0.372826, -0.840028],
    [0.277765, -0.469792, 0.911446],
    [0.382101, 0.692078, -0.643046],
    [0.426322, -0.901955, -0.1601],
    [0.42936, -0.920474, 0.174402],
    [0.479129, -0.118091, -0.827899],
    [0.481985, 0.789435, -0.338434],
    [0.489939, 0.740952, 0.537303],
    [0.495036, -0.215058, 0.923576],
    [0.538612, 0.211432, -0.838855],
    [0.637106, 0.475258, -0.657366],
    [0.679086, 0.74476, -0.071228],
    [0.682124, 0.726241, 0.263273],
    [0.682418, -0.772131, 0.012539],
    [0.735225, 0.011733, -0.65526],
    [0.73699, 0.572615, -0.352754],
    [0.744944, 0.524132, 0.522983],
    [0.748094, -0.066715, 0.761713],
    [0.833719, 0.275559, -0.473771],
    [0.84355, 0.21563, 0.6087],
    [0.899689, -0.517397, 0.024669],
    [0.932326, -0.032942, -0.388054],
    [0.940279, -0.081425, 0.487683],
    [0.995146, -0.235051, -0.128344],
    [0.998184, -0.253571, 0.206158]
  ],
  "name": "metabiaugmented truncated dodecahedron",
  "faces": [
    [41, 46, 53],
    [26, 22, 34],
    [33, 44, 40],
    [14, 18, 21],
    [48, 58, 49],
    [31, 38, 43],
    [68, 69, 65],
    [59, 63, 66],
    [64, 62, 67],
    [57, 52, 61],
    [3, 9, 2],
    [11, 15, 7],
    [24, 23, 16],
    [32, 39, 28],
    [37, 30, 27],
    [60, 51, 56],
    [29, 19, 25],
    [50, 45, 36],
    [10, 6, 12],
    [17, 13, 20],
    [4, 10, 13],
    [8, 17, 18],
    [5, 14, 11],
    [3, 1, 7],
    [0, 2, 6],
    [47, 37, 51],
    [55, 60, 63],
    [54, 59, 50],
    [29, 42, 36],
    [35, 25, 30],
    [4, 0, 6, 10],
    [8, 4, 13, 17],
    [5, 8, 18, 14],
    [1, 5, 11, 7],
    [0, 1, 3, 2],
    [47, 35, 30, 37],
    [55, 47, 51, 60],
    [54, 55, 63, 59],
    [42, 54, 50, 36],
    [35, 42, 29, 25],
    [0, 4, 8, 5, 1],
    [35, 47, 55, 54, 42],
    [40, 44, 49, 58, 65, 69, 67, 62, 53, 46],
    [11, 14, 21, 33, 40, 46, 41, 34, 22, 15],
    [20, 31, 43, 48, 49, 44, 33, 21, 18, 17],
    [50, 59, 66, 68, 65, 58, 48, 43, 38, 45],
    [56, 57, 61, 64, 67, 69, 68, 66, 63, 60],
    [32, 26, 34, 41, 53, 62, 64, 61, 52, 39],
    [16, 23, 27, 30, 25, 19, 12, 6, 2, 9],
    [26, 32, 28, 24, 16, 9, 3, 7, 15, 22],
    [57, 56, 51, 37, 27, 23, 24, 28, 39, 52],
    [31, 20, 13, 10, 12, 19, 29, 36, 45, 38]
  ]
}
