{
  "edges": [
    [44, 39],
    [39, 29],
    [29, 35],
    [35, 44],
    [29, 25],
    [25, 35],
    [29, 21],
    [21, 15],
    [15, 25],
    [39, 34],
    [34, 24],
    [24, 21],
    [21, 11],
    [11, 15],
    [11, 3],
    [3, 6],
    [6, 15],
    [24, 14],
    [14, 11],
    [24, 22],
    [22, 14],
    [22, 17],
    [17, 8],
    [8, 14],
    [8, 1],
    [1, 3],
    [17, 12],
    [12, 8],
    [12, 4],
    [4, 1],
    [25, 23],
    [23, 33],
    [33, 35],
    [23, 27],
    [27, 33],
    [23, 13],
    [13, 16],
    [16, 27],
    [6, 13],
    [13, 7],
    [7, 16],
    [7, 10],
    [10, 20],
    [20, 16],
    [6, 2],
    [2, 7],
    [3, 2],
    [1, 0],
    [0, 2],
    [0, 5],
    [5, 10],
    [4, 0],
    [4, 9],
    [9, 5],
    [27, 36],
    [36, 42],
    [42, 33],
    [36, 45],
    [45, 42],
    [36, 31],
    [31, 40],
    [40, 45],
    [20, 31],
    [38, 43],
    [43, 40],
    [9, 18],
    [18, 28],
    [28, 38],
    [45, 49],
    [49, 47],
    [47, 42],
    [49, 48],
    [48, 46],
    [46, 41],
    [41, 37],
    [37, 32],
    [32, 34],
    [44, 47],
    [43, 48],
    [38, 46],
    [28, 30],
    [30, 41],
    [18, 19],
    [19, 30],
    [32, 22],
    [30, 26],
    [26, 37],
    [26, 17],
    [19, 26],
    [19, 12]
  ],
  "vertices": [
    [-0.91554, -0.17156, 0.190699],
    [-0.874123, -0.21861, -0.254883],
    [-0.873513, 0.274357, 0.14752],
    [-0.832096, 0.227307, -0.298062],
    [-0.790984, -0.567471, 0.016881],
    [-0.738991, -0.290113, 0.587244],
    [-0.680957, 0.599954, -0.096163],
    [-0.670991, 0.431396, 0.517379],
    [-0.630562, -0.413291, -0.579305],
    [-0.614436, -0.686024, 0.413427],
    [-0.587852, 0.082534, 0.789144],
    [-0.562561, 0.308217, -0.64917],
    [-0.547423, -0.762153, -0.30754],
    [-0.478435, 0.756993, 0.273697],
    [-0.438006, -0.087694, -0.822987],
    [-0.411421, 0.680864, -0.44727],
    [-0.301886, 0.63844, 0.670242],
    [-0.277887, -0.681242, -0.658648],
    [-0.261761, -0.953976, 0.334084],
    [-0.220345, -1.001026, -0.111498],
    [-0.218747, 0.289578, 0.942007],
    [-0.16786, 0.486183, -0.771692],
    [-0.085331, -0.355646, -0.90233],
    [-0.083733, 0.934958, 0.151175],
    [-0.043304, 0.090271, -0.945509],
    [-0.042317, 0.887908, -0.294407],
    [0.049191, -0.920115, -0.462606],
    [0.092815, 0.816405, 0.54772],
    [0.184323, -0.991618, 0.379522],
    [0.201245, 0.693227, -0.618829],
    [0.225739, -1.038668, -0.06606],
    [0.227337, 0.251936, 0.987445],
    [0.360753, -0.393288, -0.856892],
    [0.362351, 0.897316, 0.196613],
    [0.40278, 0.052629, -0.900071],
    [0.403767, 0.850266, -0.24897],
    [0.419893, 0.577533, 0.743762],
    [0.443892, -0.74215, -0.585128],
    [0.553427, -0.784574, 0.532385],
    [0.553919, 0.425276, -0.698172],
    [0.580011, -0.016016, 0.908102],
    [0.62044, -0.860702, -0.188582],
    [0.689428, 0.658443, 0.392655],
    [0.704567, -0.411927, 0.734284],
    [0.756442, 0.582315, -0.328312],
    [0.772567, 0.309582, 0.664419],
    [0.822963, -0.703664, 0.181277],
    [0.93299, 0.463762, 0.068233],
    [0.974102, -0.331017, 0.383177],
    [1.016129, 0.1149, 0.339998]
  ],
  "name": "metabidiminished rhombicosidodecahedron",
  "faces": [
    [35, 29, 25],
    [21, 11, 15],
    [24, 22, 14],
    [17, 12, 8],
    [33, 23, 27],
    [13, 7, 16],
    [6, 3, 2],
    [1, 4, 0],
    [42, 36, 45],
    [30, 19, 26],
    [44, 39, 29, 35],
    [29, 21, 15, 25],
    [15, 11, 3, 6],
    [24, 14, 11, 21],
    [22, 17, 8, 14],
    [8, 12, 4, 1],
    [35, 25, 23, 33],
    [23, 13, 16, 27],
    [16, 7, 10, 20],
    [6, 2, 7, 13],
    [3, 1, 0, 2],
    [0, 4, 9, 5],
    [33, 27, 36, 42],
    [36, 31, 40, 45],
    [42, 45, 49, 47],
    [43, 38, 46, 48],
    [28, 18, 19, 30],
    [34, 32, 22, 24],
    [41, 30, 26, 37],
    [26, 19, 12, 17],
    [39, 34, 24, 21, 29],
    [14, 8, 1, 3, 11],
    [25, 15, 6, 13, 23],
    [2, 0, 5, 10, 7],
    [27, 16, 20, 31, 36],
    [45, 40, 43, 48, 49],
    [38, 28, 30, 41, 46],
    [37, 26, 17, 22, 32],
    [44, 35, 33, 42, 47],
    [19, 18, 9, 4, 12],
    [38, 43, 40, 31, 20, 10, 5, 9, 18, 28],
    [47, 49, 48, 46, 41, 37, 32, 34, 39, 44]
  ]
}
