{
  "edges": [
    [12, 8],
    [8, 3],
    [3, 1],
    [1, 5],
    [5, 10],
    [10, 12],
    [6, 2],
    [2, 4],
    [4, 9],
    [9, 13],
    [13, 11],
    [11, 6],
    [12, 13],
    [9, 8],
    [4, 3],
    [1, 2],
    [6, 5],
    [10, 11],
    [3, 0],
    [0, 1],
    [4, 0],
    [0, 2],
    [5, 7],
    [7, 10],
    [6, 7],
    [7, 11]
  ],
  "vertices": [
    [-1.111755, 0.435562, -0.458586],
    [-0.808867, 0.159752, 0.27642],
    [-0.700013, -0.297342, -0.421621],
    [-0.454926, 0.822531, -0.102389],
    [-0.346072, 0.365437, -0.80043],
    [-0.331474, -0.383478, 0.706586],
    [-0.22262, -0.840572, 0.008545],
    [0.189019, -1.044602, 0.713507],
    [0.376408, 0.942079, -0.051032],
    [0.485263, 0.484985, -0.749073],
    [0.49986, -0.26393, 0.757943],
    [0.608714, -0.721024, 0.059902],
    [0.853802, 0.398849, 0.379134],
    [0.962656, -0.058246, -0.318907]
  ],
  "name": "metabiaugmented hexagonal prism",
  "faces": [
    [3, 0, 1],
    [3, 4, 0],
    [1, 0, 2],
    [2, 0, 4],
    [5, 7, 10],
    [5, 6, 7],
    [10, 7, 11],
    [11, 7, 6],
    [8, 12, 13, 9],
    [3, 8, 9, 4],
    [5, 1, 2, 6],
    [12, 10, 11, 13],
    [12, 8, 3, 1, 5, 10],
    [6, 2, 4, 9, 13, 11]
  ]
}
