{
  "edges": [
    [1, 3],
    [3, 7],
    [7, 9],
    [9, 5],
    [5, 1],
    [2, 5],
    [9, 8],
    [8, 4],
    [4, 2],
    [6, 3],
    [3, 0],
    [0, 6],
    [1, 0],
    [2, 1],
    [2, 0],
    [4, 0],
    [8, 6],
    [6, 4],
    [7, 8],
    [7, 6]
  ],
  "vertices": [
    [-0.821855, 0.223834, -0.340481],
    [-0.71039, -0.701977, 0.157898],
    [-0.692806, 0.20039, 0.708676],
    [-0.215696, -0.533443, -0.761235],
    [-0.187244, 0.926618, 0.129942],
    [-0.006891, -0.571377, 0.936336],
    [0.107626, 0.473083, -0.778513],
    [0.793541, -0.298683, -0.550854],
    [0.811125, 0.603684, -7.6e-5],
    [0.92259, -0.322128, 0.498303]
  ],
  "name": "metabidiminished icosahedron",
  "faces": [
    [6, 3, 0],
    [0, 3, 1],
    [1, 5, 2],
    [1, 2, 0],
    [2, 4, 0],
    [4, 8, 6],
    [4, 6, 0],
    [9, 7, 8],
    [7, 6, 8],
    [7, 3, 6],
    [1, 3, 7, 9, 5],
    [2, 5, 9, 8, 4]
  ]
}
