{
  "name": "octahedron",
  "vertices": [
    [0.0, 0.0, 1.414214],
    [1.414214, 0.0, 0.0],
    [0.0, 1.414214, 0.0],
    [-1.414214, 0.0, 0.0],
    [0.0, -1.414214, 0.0],
    [0.0, 0.0, -1.414214]
  ],
  "edges": [
    [0, 1],
    [0, 2],
    [0, 3],
    [0, 4],
    [1, 2],
    [1, 4],
    [1, 5],
    [2, 3],
    [2, 5],
    [3, 4],
    [3, 5],
    [4, 5]
  ],
  "faces": [
    [0, 1, 2],
    [0, 2, 3],
    [0, 3, 4],
    [0, 4, 1],
    [1, 4, 5],
    [1, 5, 2],
    [2, 5, 3],
    [3, 5, 4]
  ]
}
