{
  "edges": [
    [24, 21],
    [21, 33],
    [33, 36],
    [36, 24],
    [33, 44],
    [44, 36],
    [33, 32],
    [32, 43],
    [43, 44],
    [21, 11],
    [11, 19],
    [19, 32],
    [19, 28],
    [28, 32],
    [28, 41],
    [41, 43],
    [9, 22],
    [22, 28],
    [19, 9],
    [9, 10],
    [10, 22],
    [10, 20],
    [20, 29],
    [29, 22],
    [29, 42],
    [42, 41],
    [20, 34],
    [34, 29],
    [34, 45],
    [45, 42],
    [44, 53],
    [53, 47],
    [47, 36],
    [53, 55],
    [55, 47],
    [53, 57],
    [57, 59],
    [59, 55],
    [43, 51],
    [51, 57],
    [57, 58],
    [58, 59],
    [58, 54],
    [54, 56],
    [56, 59],
    [51, 52],
    [52, 58],
    [41, 51],
    [42, 52],
    [52, 45],
    [45, 46],
    [46, 54],
    [34, 35],
    [35, 46],
    [55, 49],
    [49, 39],
    [39, 47],
    [49, 50],
    [50, 37],
    [37, 49],
    [50, 40],
    [40, 31],
    [31, 37],
    [56, 50],
    [40, 27],
    [27, 31],
    [27, 16],
    [16, 18],
    [18, 31],
    [56, 48],
    [48, 40],
    [54, 48],
    [46, 38],
    [38, 48],
    [38, 26],
    [26, 27],
    [35, 38],
    [35, 23],
    [23, 26],
    [37, 30],
    [30, 39],
    [30, 25],
    [25, 39],
    [30, 17],
    [17, 14],
    [14, 25],
    [18, 17],
    [17, 7],
    [7, 14],
    [7, 8],
    [8, 2],
    [2, 1],
    [1, 7],
    [18, 8],
    [16, 8],
    [26, 15],
    [15, 16],
    [15, 6],
    [6, 2],
    [23, 15],
    [23, 12],
    [12, 6],
    [14, 13],
    [13, 24],
    [24, 25],
    [13, 21],
    [13, 5],
    [5, 11],
    [1, 5],
    [5, 3],
    [3, 11],
    [3, 9],
    [1, 0],
    [0, 3],
    [2, 0],
    [6, 4],
    [4, 0],
    [4, 10],
    [12, 4],
    [12, 20]
  ],
  "vertices": [
    [-0.984691, 0.125192, 0.121281],
    [-0.957572, -0.075612, -0.278094],
    [-0.942455, -0.319982, 0.096891],
    [-0.856557, 0.512005, -0.064506],
    [-0.832097, 0.116607, 0.542233],
    [-0.829438, 0.3112, -0.463882],
    [-0.789861, -0.328568, 0.517842],
    [-0.761099, -0.409107, -0.503346],
    [-0.745982, -0.653477, -0.128361],
    [-0.624772, 0.742482, 0.241623],
    [-0.609655, 0.498112, 0.616608],
    [-0.606996, 0.692705, -0.389506],
    [-0.558076, -0.098091, 0.823971],
    [-0.553774, 0.216768, -0.803956],
    [-0.511538, -0.228406, -0.828346],
    [-0.49908, -0.667369, 0.552753],
    [-0.471962, -0.868174, 0.153378],
    [-0.40552, -0.630422, -0.661906],
    [-0.390403, -0.874792, -0.286921],
    [-0.375211, 0.923183, -0.083378],
    [-0.335634, 0.283415, 0.898346],
    [-0.331332, 0.598273, -0.729581],
    [-0.287416, 0.79711, 0.531045],
    [-0.267295, -0.436892, 0.858882],
    [-0.134858, 0.264778, -0.954832],
    [-0.092623, -0.180396, -0.979223],
    [-0.070822, -0.770387, 0.63363],
    [-0.043703, -0.971192, 0.234255],
    [-0.037854, 0.977811, 0.206045],
    [-0.013394, 0.582413, 0.812784],
    [0.013396, -0.582411, -0.812783],
    [0.037856, -0.977809, -0.206044],
    [0.043705, 0.971193, -0.234254],
    [0.070824, 0.770388, -0.63363],
    [0.092624, 0.180397, 0.979223],
    [0.13486, -0.264777, 0.954833],
    [0.267297, 0.436893, -0.858881],
    [0.287417, -0.797109, -0.531044],
    [0.331333, -0.598272, 0.729581],
    [0.335635, -0.283414, -0.898346],
    [0.375212, -0.923181, 0.083378],
    [0.390404, 0.874793, 0.286922],
    [0.405521, 0.630423, 0.661907],
    [0.471963, 0.868175, -0.153377],
    [0.499082, 0.66737, -0.552753],
    [0.511539, 0.228408, 0.828347],
    [0.553775, -0.216766, 0.803957],
    [0.558078, 0.098092, -0.823971],
    [0.606997, -0.692704, 0.389507],
    [0.609656, -0.498111, -0.616607],
    [0.624773, -0.74248, -0.241622],
    [0.745984, 0.653478, 0.128361],
    [0.761101, 0.409108, 0.503346],
    [0.789863, 0.328569, -0.517842],
    [0.82944, -0.311199, 0.463882],
    [0.832099, -0.116605, -0.542232],
    [0.856558, -0.512003, 0.064507],
    [0.942457, 0.319983, -0.09689],
    [0.957574, 0.075614, 0.278095],
    [0.984692, -0.125191, -0.121281]
  ],
  "name": "parabigyrate rhombicosidodecahedron",
  "faces": [
    [36, 33, 44],
    [19, 28, 32],
    [9, 10, 22],
    [20, 34, 29],
    [47, 53, 55],
    [57, 58, 59],
    [43, 41, 51],
    [42, 45, 52],
    [49, 50, 37],
    [40, 27, 31],
    [56, 54, 48],
    [46, 35, 38],
    [39, 30, 25],
    [17, 7, 14],
    [18, 16, 8],
    [26, 23, 15],
    [24, 13, 21],
    [5, 3, 11],
    [1, 2, 0],
    [6, 12, 4],
    [24, 21, 33, 36],
    [33, 32, 43, 44],
    [32, 28, 41, 43],
    [9, 22, 28, 19],
    [10, 20, 29, 22],
    [29, 34, 45, 42],
    [36, 44, 53, 47],
    [53, 57, 59, 55],
    [59, 58, 54, 56],
    [51, 52, 58, 57],
    [41, 42, 52, 51],
    [45, 34, 35, 46],
    [47, 55, 49, 39],
    [50, 40, 31, 37],
    [31, 27, 16, 18],
    [56, 48, 40, 50],
    [54, 46, 38, 48],
    [38, 35, 23, 26],
    [49, 37, 30, 39],
    [30, 17, 14, 25],
    [7, 8, 2, 1],
    [18, 8, 7, 17],
    [27, 26, 15, 16],
    [15, 23, 12, 6],
    [25, 14, 13, 24],
    [13, 5, 11, 21],
    [11, 3, 9, 19],
    [1, 0, 3, 5],
    [2, 6, 4, 0],
    [4, 12, 20, 10],
    [21, 11, 19, 32, 33],
    [22, 29, 42, 41, 28],
    [44, 43, 51, 57, 53],
    [52, 45, 46, 54, 58],
    [55, 59, 56, 50, 49],
    [48, 38, 26, 27, 40],
    [37, 31, 18, 17, 30],
    [16, 15, 6, 2, 8],
    [14, 7, 1, 5, 13],
    [0, 4, 10, 9, 3],
    [24, 36, 47, 39, 25],
    [12, 23, 35, 34, 20]
  ]
}
