{
  "edges": [
    [22, 19],
    [19, 10],
    [10, 12],
    [12, 22],
    [10, 4],
    [4, 12],
    [10, 8],
    [8, 2],
    [2, 4],
    [19, 25],
    [25, 16],
    [16, 8],
    [8, 6],
    [6, 2],
    [6, 5],
    [5, 0],
    [0, 2],
    [16, 14],
    [14, 6],
    [16, 26],
    [26, 14],
    [26, 31],
    [31, 17],
    [17, 14],
    [17, 13],
    [13, 5],
    [31, 29],
    [29, 17],
    [29, 21],
    [21, 13],
    [4, 3],
    [3, 11],
    [11, 12],
    [3, 9],
    [9, 11],
    [3, 1],
    [1, 7],
    [7, 9],
    [0, 1],
    [24, 15],
    [15, 7],
    [21, 27],
    [27, 30],
    [30, 24],
    [9, 18],
    [18, 20],
    [20, 11],
    [18, 32],
    [32, 20],
    [18, 23],
    [23, 35],
    [35, 32],
    [15, 23],
    [23, 33],
    [33, 35],
    [33, 41],
    [41, 43],
    [43, 35],
    [24, 33],
    [30, 39],
    [39, 41],
    [27, 37],
    [37, 39],
    [32, 36],
    [36, 28],
    [28, 20],
    [36, 44],
    [44, 49],
    [49, 48],
    [48, 42],
    [42, 34],
    [34, 25],
    [22, 28],
    [43, 44],
    [43, 47],
    [47, 49],
    [41, 47],
    [39, 45],
    [45, 47],
    [45, 46],
    [46, 48],
    [37, 45],
    [37, 38],
    [38, 46],
    [34, 26],
    [46, 40],
    [40, 42],
    [40, 31],
    [38, 40],
    [38, 29]
  ],
  "vertices": [
    [-0.981435, -0.157408, -0.109585],
    [-0.942153, -0.069788, 0.327838],
    [-0.91551, 0.22466, -0.333721],
    [-0.85195, 0.366431, 0.374044],
    [-0.835484, 0.54841, -0.034822],
    [-0.80426, -0.38784, -0.450273],
    [-0.738335, -0.005772, -0.67441],
    [-0.701418, -0.15845, 0.694914],
    [-0.648132, 0.430447, -0.628204],
    [-0.611216, 0.27777, 0.74112],
    [-0.568107, 0.754197, -0.329305],
    [-0.545291, 0.659837, 0.516984],
    [-0.528825, 0.841816, 0.108118],
    [-0.478303, -0.673069, -0.564096],
    [-0.371634, -0.05487, -0.926756],
    [-0.351184, -0.389527, 0.851433],
    [-0.281432, 0.381349, -0.88055],
    [-0.210926, -0.467282, -0.858579],
    [-0.205234, 0.316291, 0.926196],
    [-0.151948, 0.905188, -0.396922],
    [-0.139309, 0.698359, 0.70206],
    [-0.128068, -0.904145, -0.407577],
    [-0.112666, 0.992807, 0.040501],
    [-0.044525, -0.09612, 0.994373],
    [-0.025227, -0.674755, 0.73761],
    [0.025227, 0.674755, -0.73761],
    [0.044525, 0.096121, -0.994373],
    [0.112666, -0.992807, -0.040501],
    [0.128068, 0.904146, 0.407577],
    [0.139309, -0.698358, -0.70206],
    [0.151948, -0.905188, 0.396922],
    [0.205234, -0.316291, -0.926196],
    [0.210926, 0.467282, 0.858579],
    [0.281432, -0.381349, 0.88055],
    [0.351184, 0.389527, -0.851433],
    [0.371634, 0.05487, 0.926756],
    [0.478303, 0.673069, 0.564096],
    [0.528825, -0.841816, -0.108118],
    [0.545291, -0.659837, -0.516984],
    [0.568107, -0.754197, 0.329305],
    [0.611216, -0.277769, -0.74112],
    [0.648133, -0.430447, 0.628204],
    [0.701419, 0.15845, -0.694914],
    [0.738335, 0.005773, 0.67441],
    [0.80426, 0.387841, 0.450273],
    [0.835484, -0.54841, 0.034822],
    [0.85195, -0.366431, -0.374044],
    [0.91551, -0.22466, 0.333721],
    [0.942153, 0.069789, -0.327838],
    [0.981435, 0.157408, 0.109585]
  ],
  "name": "parabidiminished rhombicosidodecahedron",
  "faces": [
    [12, 10, 4],
    [8, 6, 2],
    [16, 26, 14],
    [31, 29, 17],
    [11, 3, 9],
    [20, 18, 32],
    [23, 33, 35],
    [43, 41, 47],
    [39, 37, 45],
    [46, 38, 40],
    [22, 19, 10, 12],
    [10, 8, 2, 4],
    [2, 6, 5, 0],
    [16, 14, 6, 8],
    [26, 31, 17, 14],
    [17, 29, 21, 13],
    [12, 4, 3, 11],
    [3, 1, 7, 9],
    [11, 9, 18, 20],
    [18, 23, 35, 32],
    [35, 33, 41, 43],
    [15, 24, 33, 23],
    [30, 27, 37, 39],
    [20, 32, 36, 28],
    [43, 47, 49, 44],
    [41, 39, 45, 47],
    [45, 37, 38, 46],
    [25, 34, 26, 16],
    [48, 46, 40, 42],
    [40, 38, 29, 31],
    [19, 25, 16, 8, 10],
    [14, 17, 13, 5, 6],
    [4, 2, 0, 1, 3],
    [9, 7, 15, 23, 18],
    [24, 30, 39, 41, 33],
    [32, 35, 43, 44, 36],
    [47, 45, 46, 48, 49],
    [42, 40, 31, 26, 34],
    [22, 12, 11, 20, 28],
    [38, 37, 27, 21, 29],
    [24, 15, 7, 1, 0, 5, 13, 21, 27, 30],
    [28, 36, 44, 49, 48, 42, 34, 25, 19, 22]
  ]
}
