{
  "edges": [
    [15, 28],
    [28, 37],
    [37, 45],
    [45, 50],
    [50, 43],
    [43, 34],
    [34, 23],
    [23, 12],
    [12, 8],
    [8, 15],
    [4, 8],
    [12, 4],
    [5, 9],
    [9, 16],
    [16, 18],
    [18, 15],
    [4, 1],
    [1, 0],
    [0, 2],
    [2, 5],
    [3, 0],
    [1, 3],
    [18, 28],
    [42, 52],
    [52, 55],
    [55, 49],
    [49, 37],
    [16, 21],
    [21, 33],
    [33, 42],
    [9, 21],
    [49, 45],
    [69, 67],
    [67, 63],
    [63, 56],
    [56, 50],
    [55, 62],
    [62, 66],
    [66, 69],
    [52, 62],
    [56, 43],
    [69, 68],
    [68, 65],
    [65, 61],
    [61, 54],
    [54, 51],
    [51, 53],
    [53, 60],
    [60, 64],
    [64, 67],
    [64, 63],
    [29, 23],
    [34, 29],
    [7, 3],
    [29, 31],
    [31, 27],
    [27, 17],
    [17, 7],
    [36, 27],
    [31, 36],
    [24, 32],
    [32, 41],
    [41, 54],
    [61, 57],
    [57, 46],
    [46, 35],
    [35, 26],
    [26, 19],
    [19, 24],
    [13, 19],
    [26, 13],
    [7, 14],
    [14, 20],
    [20, 24],
    [13, 6],
    [6, 2],
    [6, 5],
    [20, 32],
    [36, 48],
    [48, 53],
    [51, 41],
    [14, 17],
    [48, 60],
    [65, 57],
    [42, 38],
    [38, 40],
    [40, 46],
    [68, 66],
    [40, 35],
    [33, 38],
    [25, 30],
    [30, 22],
    [22, 10],
    [10, 11],
    [11, 25],
    [25, 35],
    [40, 30],
    [38, 30],
    [33, 22],
    [21, 22],
    [9, 10],
    [5, 10],
    [6, 11],
    [13, 11],
    [26, 25],
    [44, 58],
    [58, 59],
    [59, 47],
    [47, 39],
    [39, 44],
    [44, 43],
    [56, 58],
    [63, 58],
    [64, 59],
    [60, 59],
    [48, 47],
    [36, 47],
    [31, 39],
    [29, 39],
    [34, 44]
  ],
  "vertices": [
    [-0.988041, 0.082361, -0.032394],
    [-0.940439, 0.10562, 0.297446],
    [-0.93903, -0.112232, -0.299475],
    [-0.911497, 0.377114, 0.10495],
    [-0.814408, -0.051339, 0.564056],
    [-0.812127, -0.403831, -0.401783],
    [-0.783185, -0.132338, -0.594279],
    [-0.738637, 0.65944, 0.060095],
    [-0.658086, -0.328563, 0.665601],
    [-0.655805, -0.681055, -0.300238],
    [-0.621075, -0.575598, -0.615315],
    [-0.592133, -0.304105, -0.807812],
    [-0.581542, -0.03381, 0.802944],
    [-0.580033, 0.029724, -0.8042],
    [-0.535485, 0.821501, -0.149826],
    [-0.531183, -0.620162, 0.563294],
    [-0.529773, -0.838014, -0.033627],
    [-0.487884, 0.844761, 0.180013],
    [-0.482172, -0.814755, 0.296212],
    [-0.407173, 0.31205, -0.849055],
    [-0.37964, 0.801396, -0.44463],
    [-0.373928, -0.858119, -0.328432],
    [-0.339198, -0.752663, -0.643508],
    [-0.33079, 0.15151, 0.922864],
    [-0.330629, 0.606803, -0.711711],
    [-0.292369, -0.313377, -0.954974],
    [-0.28027, 0.020452, -0.951362],
    [-0.255019, 0.862289, 0.418901],
    [-0.249306, -0.797226, 0.5351],
    [-0.157929, 0.433837, 0.878008],
    [-0.136047, -0.590601, -0.85343],
    [-0.128987, 0.70533, 0.685512],
    [-0.079877, 0.792123, -0.591793],
    [-0.074164, -0.867392, -0.475594],
    [-0.001607, 0.156613, 0.979553],
    [0.001607, -0.156613, -0.979556],
    [0.074164, 0.867391, 0.475591],
    [0.079877, -0.792124, 0.59179],
    [0.128987, -0.70533, -0.685515],
    [0.136047, 0.590601, 0.853427],
    [0.157929, -0.433837, -0.878011],
    [0.249306, 0.797226, -0.535103],
    [0.255019, -0.862289, -0.418905],
    [0.280269, -0.020452, 0.95136],
    [0.292369, 0.313377, 0.954971],
    [0.330629, -0.606803, 0.711709],
    [0.33079, -0.151511, -0.922866],
    [0.339198, 0.752662, 0.643506],
    [0.373928, 0.858119, 0.328428],
    [0.37964, -0.801396, 0.444627],
    [0.407172, -0.312051, 0.849052],
    [0.482172, 0.814754, -0.296215],
    [0.487884, -0.844761, -0.180016],
    [0.529773, 0.838013, 0.033625],
    [0.531183, 0.620161, -0.563297],
    [0.535485, -0.821502, 0.149823],
    [0.580033, -0.029724, 0.804197],
    [0.581542, 0.03381, -0.802948],
    [0.592133, 0.304105, 0.807809],
    [0.621074, 0.575598, 0.615313],
    [0.655804, 0.681055, 0.300235],
    [0.658086, 0.328562, -0.665604],
    [0.738637, -0.65944, -0.060097],
    [0.783184, 0.132337, 0.594276],
    [0.812126, 0.40383, 0.40178],
    [0.814408, 0.051338, -0.564059],
    [0.911497, -0.377114, -0.104953],
    [0.939029, 0.112232, 0.299472],
    [0.940439, -0.10562, -0.297449],
    [0.988041, -0.082361, 0.032391]
  ],
  "name": "parabiaugmented truncated dodecahedron",
  "faces": [
    [4, 8, 12],
    [3, 0, 1],
    [18, 28, 15],
    [9, 21, 16],
    [49, 45, 37],
    [52, 62, 55],
    [56, 43, 50],
    [64, 63, 67],
    [29, 23, 34],
    [36, 27, 31],
    [13, 19, 26],
    [5, 2, 6],
    [20, 32, 24],
    [7, 17, 14],
    [51, 54, 41],
    [60, 53, 48],
    [65, 57, 61],
    [69, 66, 68],
    [40, 35, 46],
    [33, 38, 42],
    [30, 40, 38],
    [22, 33, 21],
    [10, 9, 5],
    [13, 11, 6],
    [25, 26, 35],
    [58, 56, 63],
    [59, 64, 60],
    [47, 48, 36],
    [29, 39, 31],
    [44, 34, 43],
    [30, 25, 35, 40],
    [22, 30, 38, 33],
    [10, 22, 21, 9],
    [11, 10, 5, 6],
    [25, 11, 13, 26],
    [58, 44, 43, 56],
    [59, 58, 63, 64],
    [47, 59, 60, 48],
    [39, 47, 36, 31],
    [44, 39, 29, 34],
    [25, 30, 22, 10, 11],
    [44, 58, 59, 47, 39],
    [15, 28, 37, 45, 50, 43, 34, 23, 12, 8],
    [5, 9, 16, 18, 15, 8, 4, 1, 0, 2],
    [42, 52, 55, 49, 37, 28, 18, 16, 21, 33],
    [69, 67, 63, 56, 50, 45, 49, 55, 62, 66],
    [67, 69, 68, 65, 61, 54, 51, 53, 60, 64],
    [7, 3, 1, 4, 12, 23, 29, 31, 27, 17],
    [24, 32, 41, 54, 61, 57, 46, 35, 26, 19],
    [3, 7, 14, 20, 24, 19, 13, 6, 2, 0],
    [36, 48, 53, 51, 41, 32, 20, 14, 17, 27],
    [52, 42, 38, 40, 46, 57, 65, 68, 66, 62]
  ]
}
