{
  "edges": [
    [5, 9],
    [9, 12],
    [12, 11],
    [11, 6],
    [6, 3],
    [3, 5],
    [4, 8],
    [8, 10],
    [10, 7],
    [7, 2],
    [2, 1],
    [1, 4],
    [5, 2],
    [7, 9],
    [10, 12],
    [11, 8],
    [4, 6],
    [1, 3],
    [12, 13],
    [13, 11],
    [10, 13],
    [13, 8],
    [3, 0],
    [0, 5],
    [1, 0],
    [0, 2]
  ],
  "vertices": [
    [-1.129559, 0.266324, 0.624401],
    [-0.925111, 0.008507, -0.145991],
    [-0.655368, -0.416841, 0.523404],
    [-0.5883, 0.71007, 0.164074],
    [-0.438148, 0.074567, -0.824427],
    [-0.318557, 0.284721, 0.83347],
    [-0.101337, 0.77613, -0.514362],
    [0.101337, -0.77613, 0.514363],
    [0.318557, -0.284721, -0.833468],
    [0.438148, -0.074567, 0.824429],
    [0.5883, -0.710069, -0.164073],
    [0.655368, 0.416842, -0.523403],
    [0.925111, -0.008507, 0.145993],
    [1.129559, -0.266324, -0.624399]
  ],
  "name": "parabiaugmented hexagonal prism",
  "faces": [
    [12, 13, 11],
    [12, 10, 13],
    [11, 13, 8],
    [8, 13, 10],
    [3, 0, 5],
    [3, 1, 0],
    [5, 0, 2],
    [2, 0, 1],
    [9, 5, 2, 7],
    [12, 9, 7, 10],
    [6, 11, 8, 4],
    [3, 6, 4, 1],
    [5, 9, 12, 11, 6, 3],
    [4, 8, 10, 7, 2, 1]
  ]
}
