{
  "faces": [
    [0, 1, 2],
    [0, 2, 3],
    [0, 3, 4],
    [1, 5, 6],
    [1, 6, 2],
    [3, 7, 4],
    [4, 7, 8],
    [5, 8, 9],
    [5, 9, 6],
    [7, 9, 8],
    [0, 4, 8, 5, 1],
    [2, 6, 9, 7, 3]
  ],
  "edges": [
    [3, 7],
    [8, 5],
    [1, 5],
    [8, 7],
    [1, 2],
    [0, 4],
    [8, 4],
    [8, 9],
    [4, 7],
    [3, 4],
    [9, 5],
    [2, 3],
    [0, 2],
    [1, 6],
    [5, 6],
    [9, 6],
    [9, 7],
    [0, 3],
    [2, 6],
    [0, 1]
  ],
  "name": "pentagonal antiprism",
  "vertices": [
    [0.0, 0.0, 1.175571],
    [1.051462, 0.0, 0.5257311],
    [0.3249197, 1.0, 0.5257311],
    [-0.8506508, 0.618034, 0.5257311],
    [-0.8506508, -0.618034, 0.5257311],
    [0.8506508, -0.618034, -0.5257311],
    [0.8506508, 0.618034, -0.5257311],
    [-1.051462, 0.0, -0.5257311],
    [-0.3249197, -1.0, -0.5257311],
    [0.0, 0.0, -1.175571]
  ]
}
