{
  "edges": [
    [0, 5],
    [5, 9],
    [9, 8],
    [8, 3],
    [3, 0],
    [0, 2],
    [2, 6],
    [6, 5],
    [6, 11],
    [11, 5],
    [11, 15],
    [15, 9],
    [15, 19],
    [19, 9],
    [19, 17],
    [17, 8],
    [17, 13],
    [13, 8],
    [13, 7],
    [7, 3],
    [7, 4],
    [4, 3],
    [4, 1],
    [1, 0],
    [1, 2],
    [20, 24],
    [24, 22],
    [22, 18],
    [18, 16],
    [16, 20],
    [20, 12],
    [12, 7],
    [13, 21],
    [21, 20],
    [21, 24],
    [17, 21],
    [19, 23],
    [23, 24],
    [23, 22],
    [15, 23],
    [11, 14],
    [14, 22],
    [14, 18],
    [6, 14],
    [2, 10],
    [10, 18],
    [10, 16],
    [1, 10],
    [4, 12],
    [12, 16]
  ],
  "vertices": [
    [-0.799512, 0.192706, 0.001565],
    [-0.776446, 0.593934, 0.546986],
    [-0.713384, 0.860598, -0.072621],
    [-0.640335, -0.34095, 0.387405],
    [-0.617268, 0.060277, 0.932827],
    [-0.538299, 0.090521, -0.615141],
    [-0.452171, 0.758412, -0.689327],
    [-0.296652, -0.536533, 0.937522],
    [-0.280744, -0.772953, 0.009162],
    [-0.217683, -0.506289, -0.610445],
    [-0.200278, 0.902051, 0.367837],
    [-0.09258, 0.326409, -1.06757],
    [0.057277, 0.038576, 0.99214],
    [0.062939, -0.968537, 0.559279],
    [0.222374, 0.736712, -0.630014],
    [0.228036, -0.270402, -1.062874],
    [0.314991, 0.558821, 0.642957],
    [0.324152, -1.070722, -0.057426],
    [0.378052, 0.825485, 0.023349],
    [0.387214, -0.804058, -0.677033],
    [0.635607, -0.037989, 0.647653],
    [0.639107, -0.66042, 0.38013],
    [0.737643, 0.393482, -0.354893],
    [0.741142, -0.228948, -0.622416],
    [0.89682, -0.140175, 0.030947]
  ],
  "name": "pentagonal gyrocupolarotunda",
  "faces": [
    [5, 6, 11],
    [9, 15, 19],
    [8, 17, 13],
    [3, 7, 4],
    [0, 1, 2],
    [20, 21, 24],
    [21, 13, 17],
    [24, 23, 22],
    [23, 19, 15],
    [22, 14, 18],
    [14, 11, 6],
    [18, 10, 16],
    [10, 2, 1],
    [16, 12, 20],
    [12, 4, 7],
    [5, 0, 2, 6],
    [9, 5, 11, 15],
    [8, 9, 19, 17],
    [3, 8, 13, 7],
    [0, 3, 4, 1],
    [0, 5, 9, 8, 3],
    [20, 24, 22, 18, 16],
    [20, 12, 7, 13, 21],
    [24, 21, 17, 19, 23],
    [22, 23, 15, 11, 14],
    [18, 14, 6, 2, 10],
    [16, 10, 1, 4, 12]
  ]
}
