{
  "edges": [
    [0, 3],
    [3, 5],
    [5, 4],
    [4, 1],
    [1, 0],
    [0, 2],
    [2, 3],
    [2, 5],
    [2, 4],
    [2, 1]
  ],
  "vertices": [
    [-0.868849, -0.100041, 0.61257],
    [-0.329458, 0.976099, 0.28078],
    [-0.26629, -0.013796, -0.477654],
    [-0.13392, -1.034115, 0.229829],
    [0.738834, 0.707117, -0.307018],
    [0.859683, -0.535264, -0.338508]
  ],
  "name": "pentagonal pyramid",
  "faces": [
    [3, 0, 2],
    [5, 3, 2],
    [4, 5, 2],
    [1, 4, 2],
    [0, 1, 2],
    [0, 3, 5, 4, 1]
  ]
}
