{
  "edges": [
    [7, 4],
    [4, 8],
    [8, 14],
    [14, 13],
    [13, 7],
    [7, 2],
    [2, 0],
    [0, 4],
    [0, 1],
    [1, 4],
    [1, 3],
    [3, 8],
    [3, 10],
    [10, 8],
    [10, 17],
    [17, 14],
    [17, 19],
    [19, 14],
    [19, 18],
    [18, 13],
    [18, 16],
    [16, 13],
    [16, 9],
    [9, 7],
    [9, 2],
    [6, 5],
    [5, 11],
    [11, 15],
    [15, 12],
    [12, 6],
    [6, 1],
    [0, 5],
    [2, 5],
    [9, 11],
    [16, 11],
    [18, 15],
    [19, 15],
    [17, 12],
    [10, 12],
    [3, 6]
  ],
  "vertices": [
    [-1.14213, -0.353364, -0.133745],
    [-1.138435, 0.385484, -0.050817],
    [-0.70957, -0.957238, -0.165587],
    [-0.699897, 0.97709, 0.051522],
    [-0.598391, 0.052172, -0.43817],
    [-0.543739, -0.405536, 0.304426],
    [-0.540044, 0.333311, 0.387353],
    [-0.165831, -0.551702, -0.470012],
    [-0.159853, 0.643778, -0.335832],
    [-0.005978, -1.19548, -0.13418],
    [0.005978, 1.195481, 0.134181],
    [0.159852, -0.643778, 0.335832],
    [0.165831, 0.551702, 0.470012],
    [0.540044, -0.333311, -0.387353],
    [0.543739, 0.405536, -0.304425],
    [0.598391, -0.052172, 0.43817],
    [0.699896, -0.97709, -0.051521],
    [0.70957, 0.957238, 0.165587],
    [1.138435, -0.385484, 0.050817],
    [1.142129, 0.353364, 0.133745]
  ],
  "name": "pentagonal gyrobicupola",
  "faces": [
    [4, 0, 1],
    [8, 3, 10],
    [14, 17, 19],
    [13, 18, 16],
    [7, 9, 2],
    [5, 0, 2],
    [11, 9, 16],
    [15, 18, 19],
    [12, 17, 10],
    [6, 3, 1],
    [4, 7, 2, 0],
    [8, 4, 1, 3],
    [14, 8, 10, 17],
    [13, 14, 19, 18],
    [7, 13, 16, 9],
    [5, 6, 1, 0],
    [11, 5, 2, 9],
    [15, 11, 16, 18],
    [12, 15, 19, 17],
    [6, 12, 10, 3],
    [7, 4, 8, 14, 13],
    [6, 5, 11, 15, 12]
  ]
}
