{
  "edges": [
    [2, 6],
    [6, 11],
    [11, 13],
    [13, 14],
    [14, 12],
    [12, 9],
    [9, 5],
    [5, 1],
    [1, 0],
    [0, 2],
    [3, 4],
    [4, 8],
    [8, 10],
    [10, 7],
    [7, 3],
    [3, 0],
    [1, 4],
    [5, 4],
    [9, 8],
    [12, 8],
    [14, 10],
    [13, 10],
    [11, 7],
    [6, 7],
    [2, 3]
  ],
  "vertices": [
    [-0.973114, 0.120196, -0.57615],
    [-0.844191, -0.563656, -0.512814],
    [-0.711039, 0.75783, -0.46202],
    [-0.594483, 0.244733, -0.002202],
    [-0.46556, -0.439119, 0.061133],
    [-0.373515, -1.032518, -0.296206],
    [-0.15807, 1.105692, -0.21402],
    [-0.041514, 0.592595, 0.245798],
    [0.167087, -0.513901, 0.348277],
    [0.259132, -1.1073, -0.009062],
    [0.429162, 0.123733, 0.462406],
    [0.474577, 1.03091, 0.073124],
    [0.812101, -0.759438, 0.238938],
    [0.945253, 0.562048, 0.289732],
    [1.074175, -0.121804, 0.353067]
  ],
  "name": "pentagonal cupola",
  "faces": [
    [4, 1, 5],
    [8, 9, 12],
    [10, 14, 13],
    [7, 11, 6],
    [3, 2, 0],
    [4, 3, 0, 1],
    [8, 4, 5, 9],
    [10, 8, 12, 14],
    [7, 10, 13, 11],
    [3, 7, 6, 2],
    [3, 4, 8, 10, 7],
    [2, 6, 11, 13, 14, 12, 9, 5, 1, 0]
  ]
}
