{
  "edges": [
    [7, 4],
    [4, 10],
    [10, 16],
    [16, 13],
    [13, 7],
    [7, 2],
    [2, 0],
    [0, 4],
    [0, 1],
    [1, 4],
    [1, 5],
    [5, 10],
    [5, 11],
    [11, 10],
    [11, 17],
    [17, 16],
    [17, 19],
    [19, 16],
    [19, 18],
    [18, 13],
    [18, 14],
    [14, 13],
    [14, 8],
    [8, 7],
    [8, 2],
    [3, 6],
    [6, 12],
    [12, 15],
    [15, 9],
    [9, 3],
    [3, 0],
    [2, 6],
    [8, 6],
    [14, 12],
    [18, 12],
    [19, 15],
    [17, 15],
    [11, 9],
    [5, 9],
    [1, 3]
  ],
  "vertices": [
    [-1.197125, -0.118752, -0.001762],
    [-1.038244, 0.607337, -0.020132],
    [-0.898745, -0.799482, 0.017282],
    [-0.619431, 0.145275, 0.38469],
    [-0.61625, 0.124807, -0.396793],
    [-0.482789, 1.101444, -0.030813],
    [-0.321051, -0.535454, 0.403734],
    [-0.317871, -0.555923, -0.37775],
    [-0.257075, -1.174837, 0.029724],
    [-0.063976, 0.639383, 0.37401],
    [-0.060795, 0.618915, -0.407474],
    [0.257076, 1.174837, -0.029725],
    [0.418813, -0.462061, 0.404823],
    [0.421993, -0.48253, -0.376661],
    [0.482789, -1.101444, 0.030813],
    [0.577694, 0.264028, 0.386452],
    [0.580875, 0.24356, -0.395032],
    [0.898745, 0.799482, -0.017282],
    [1.038244, -0.607337, 0.020132],
    [1.197125, 0.118752, 0.001761]
  ],
  "name": "pentagonal orthobicupola",
  "faces": [
    [4, 0, 1],
    [10, 5, 11],
    [16, 17, 19],
    [13, 18, 14],
    [7, 8, 2],
    [6, 2, 8],
    [12, 14, 18],
    [15, 19, 17],
    [9, 11, 5],
    [3, 1, 0],
    [4, 7, 2, 0],
    [10, 4, 1, 5],
    [16, 10, 11, 17],
    [13, 16, 19, 18],
    [7, 13, 14, 8],
    [6, 3, 0, 2],
    [12, 6, 8, 14],
    [15, 12, 18, 19],
    [9, 15, 17, 11],
    [3, 9, 5, 1],
    [7, 4, 10, 16, 13],
    [3, 6, 12, 15, 9]
  ]
}
