{
  "edges": [
    [6, 7],
    [7, 3],
    [3, 6],
    [7, 5],
    [5, 3],
    [5, 1],
    [1, 3],
    [4, 7],
    [6, 4],
    [4, 5],
    [4, 1],
    [4, 2],
    [2, 1],
    [2, 0],
    [0, 1],
    [0, 3],
    [6, 2],
    [6, 0]
  ],
  "vertices": [
    [-0.768016, 0.559678, 0.635844],
    [-0.720709, -0.093633, -0.405339],
    [-0.6358, -0.662351, 0.681929],
    [0.09848, 0.800885, -0.202562],
    [0.269587, -0.77416, -0.143135],
    [0.285934, -0.010665, -1.107297],
    [0.352377, 0.066396, 0.750712],
    [1.118151, 0.11385, -0.210152]
  ],
  "name": "snub disphenoid",
  "faces": [
    [6, 7, 3],
    [3, 7, 5],
    [3, 5, 1],
    [4, 7, 6],
    [7, 4, 5],
    [5, 4, 1],
    [4, 2, 1],
    [1, 2, 0],
    [1, 0, 3],
    [6, 2, 4],
    [2, 6, 0],
    [0, 6, 3]
  ]
}
