{
  "edges": [
    [7, 5],
    [5, 9],
    [9, 10],
    [10, 7],
    [6, 7],
    [10, 6],
    [3, 7],
    [7, 1],
    [1, 3],
    [3, 5],
    [10, 11],
    [11, 8],
    [8, 10],
    [9, 11],
    [6, 1],
    [8, 6],
    [4, 9],
    [5, 0],
    [0, 4],
    [2, 4],
    [0, 2],
    [11, 4],
    [4, 8],
    [0, 3],
    [1, 0],
    [8, 2],
    [2, 6],
    [2, 1]
  ],
  "vertices": [
    [-0.710639, -0.297668, -0.15267],
    [-0.651151, -0.105949, 0.829841],
    [-0.621335, 0.64788, 0.169179],
    [-0.614162, -1.052419, 0.500527],
    [-0.166396, 0.361269, -0.677289],
    [-0.002058, -0.993534, -0.291612],
    [0.165944, 0.471894, 0.764865],
    [0.225836, -0.507426, 0.555374],
    [0.279224, 1.020494, -0.066987],
    [0.542185, -0.334598, -0.816231],
    [0.770079, 0.151511, 0.030755],
    [0.782476, 0.638548, -0.845752]
  ],
  "name": "sphenomegacorona",
  "faces": [
    [6, 7, 10],
    [3, 7, 1],
    [3, 5, 7],
    [10, 11, 8],
    [10, 9, 11],
    [1, 7, 6],
    [6, 10, 8],
    [2, 4, 0],
    [11, 4, 8],
    [11, 9, 4],
    [0, 3, 1],
    [0, 5, 3],
    [8, 2, 6],
    [8, 4, 2],
    [2, 1, 6],
    [2, 0, 1],
    [7, 5, 9, 10],
    [4, 9, 5, 0]
  ]
}
