{
  "edges": [
    [5, 3],
    [3, 9],
    [9, 11],
    [11, 5],
    [5, 1],
    [1, 0],
    [0, 3],
    [0, 2],
    [2, 3],
    [2, 8],
    [8, 9],
    [8, 14],
    [14, 9],
    [14, 15],
    [15, 11],
    [15, 13],
    [13, 11],
    [13, 7],
    [7, 5],
    [7, 1],
    [4, 6],
    [6, 12],
    [12, 10],
    [10, 4],
    [4, 0],
    [1, 6],
    [7, 6],
    [13, 12],
    [15, 12],
    [14, 10],
    [8, 10],
    [2, 4]
  ],
  "vertices": [
    [-1.055402, 0.383836, -0.00011],
    [-1.017695, -0.474869, 0.000238],
    [-0.474869, 1.017695, -0.000394],
    [-0.448233, 0.410252, -0.607929],
    [-0.448179, 0.410746, 0.607634],
    [-0.410526, -0.448453, -0.607581],
    [-0.410472, -0.447959, 0.607981],
    [-0.383836, -1.055402, 0.000446],
    [0.383836, 1.055402, -0.000447],
    [0.410472, 0.447959, -0.607982],
    [0.410526, 0.448453, 0.60758],
    [0.448179, -0.410746, -0.607635],
    [0.448233, -0.410252, 0.607928],
    [0.474869, -1.017695, 0.000392],
    [1.017695, 0.474869, -0.000239],
    [1.055402, -0.383836, 0.000109]
  ],
  "name": "square orthobicupola",
  "faces": [
    [3, 0, 2],
    [9, 8, 14],
    [11, 15, 13],
    [5, 7, 1],
    [6, 1, 7],
    [12, 13, 15],
    [10, 14, 8],
    [4, 2, 0],
    [5, 3, 9, 11],
    [3, 5, 1, 0],
    [9, 3, 2, 8],
    [11, 9, 14, 15],
    [5, 11, 13, 7],
    [4, 6, 12, 10],
    [6, 4, 0, 1],
    [12, 6, 7, 13],
    [10, 12, 15, 14],
    [4, 10, 8, 2]
  ]
}
