{
  "edges": [
    [4, 8],
    [8, 10],
    [10, 11],
    [11, 9],
    [9, 5],
    [5, 1],
    [1, 0],
    [0, 4],
    [2, 3],
    [3, 7],
    [7, 6],
    [6, 2],
    [2, 0],
    [1, 3],
    [5, 3],
    [9, 7],
    [11, 7],
    [10, 6],
    [8, 6],
    [4, 2]
  ],
  "vertices": [
    [-0.600135, 0.398265, -0.852158],
    [-0.585543, -0.441941, -0.840701],
    [-0.584691, 0.40999, -0.011971],
    [-0.570099, -0.430216, -0.000514],
    [-0.18266, 1.005432, -0.447988],
    [-0.147431, -1.023005, -0.420329],
    [0.0203, 0.428447, 0.571068],
    [0.034892, -0.411759, 0.582525],
    [0.422331, 1.023889, 0.135052],
    [0.457559, -1.004548, 0.162711],
    [0.860442, 0.442825, 0.555424],
    [0.875034, -0.397381, 0.566881]
  ],
  "name": "square cupola",
  "faces": [
    [3, 1, 5],
    [7, 9, 11],
    [6, 10, 8],
    [2, 4, 0],
    [2, 3, 7, 6],
    [3, 2, 0, 1],
    [7, 3, 5, 9],
    [6, 7, 11, 10],
    [2, 6, 8, 4],
    [4, 8, 10, 11, 9, 5, 1, 0]
  ]
}
