{
  "edges": [
    [7, 4],
    [4, 10],
    [10, 12],
    [12, 7],
    [7, 2],
    [2, 0],
    [0, 4],
    [0, 1],
    [1, 4],
    [1, 6],
    [6, 10],
    [6, 13],
    [13, 10],
    [13, 15],
    [15, 12],
    [15, 14],
    [14, 12],
    [14, 8],
    [8, 7],
    [8, 2],
    [5, 3],
    [3, 9],
    [9, 11],
    [11, 5],
    [5, 1],
    [0, 3],
    [2, 3],
    [8, 9],
    [14, 9],
    [15, 11],
    [13, 11],
    [6, 5]
  ],
  "vertices": [
    [-1.105, -0.077473, -0.184867],
    [-0.863019, 0.717824, 0.033637],
    [-0.699688, -0.827387, -0.295079],
    [-0.617244, -0.39909, 0.445571],
    [-0.487757, 0.321617, -0.630438],
    [-0.375262, 0.396206, 0.664075],
    [-0.115492, 1.092629, 0.232437],
    [-0.082444, -0.428297, -0.740649],
    [0.115493, -1.092629, -0.232437],
    [0.197937, -0.664332, 0.508212],
    [0.25977, 0.696423, -0.431638],
    [0.439918, 0.130964, 0.726716],
    [0.665082, -0.053491, -0.541849],
    [0.699688, 0.827387, 0.295079],
    [0.863019, -0.717824, -0.033637],
    [1.105, 0.077473, 0.184867]
  ],
  "name": "square gyrobicupola",
  "faces": [
    [4, 0, 1],
    [10, 6, 13],
    [12, 15, 14],
    [7, 8, 2],
    [3, 0, 2],
    [9, 8, 14],
    [11, 15, 13],
    [5, 6, 1],
    [7, 4, 10, 12],
    [4, 7, 2, 0],
    [10, 4, 1, 6],
    [12, 10, 13, 15],
    [7, 12, 14, 8],
    [5, 3, 9, 11],
    [3, 5, 1, 0],
    [9, 3, 2, 8],
    [11, 9, 14, 15],
    [5, 11, 13, 6]
  ]
}
