{
  "edges": [
    [4, 1],
    [1, 0],
    [0, 3],
    [3, 4],
    [4, 2],
    [2, 1],
    [2, 0],
    [2, 3]
  ],
  "vertices": [
    [-0.729665, 0.670121, 0.319155],
    [-0.655235, -0.29213, -0.754096],
    [-0.093922, -0.607123, 0.537818],
    [0.702196, 0.595691, 0.485187],
    [0.776626, -0.36656, -0.588064]
  ],
  "name": "square pyramid",
  "faces": [
    [1, 4, 2],
    [0, 1, 2],
    [3, 0, 2],
    [4, 3, 2],
    [4, 1, 0, 3]
  ]
}
