{
  "name": "tetrahedron",
  "vertices": [
    [0.0, 0.0, 1.732051],
    [1.632993, 0.0, -0.5773503],
    [-0.8164966, 1.414214, -0.5773503],
    [-0.8164966, -1.414214, -0.5773503]
  ],
  "edges": [
    [0, 1],
    [0, 2],
    [0, 3],
    [1, 2],
    [1, 3],
    [2, 3]
  ],
  "faces": [
    [0, 1, 2],
    [0, 2, 3],
    [0, 3, 1],
    [1, 3, 2]
  ]
}
