{
  "edges": [
    [2, 5],
    [5, 8],
    [8, 2],
    [2, 0],
    [0, 4],
    [4, 5],
    [4, 10],
    [10, 5],
    [10, 11],
    [11, 8],
    [11, 7],
    [7, 8],
    [7, 1],
    [1, 2],
    [1, 0],
    [6, 3],
    [3, 9],
    [9, 6],
    [6, 4],
    [0, 3],
    [1, 3],
    [7, 9],
    [11, 9],
    [10, 6]
  ],
  "vertices": [
    [-0.96936, 0.238651, 0.058198],
    [-0.683128, -0.715413, 0.146701],
    [-0.623092, -0.255511, -0.739236],
    [-0.478567, -0.06233, 0.875836],
    [-0.286232, 0.954064, -0.088503],
    [0.060036, 0.459902, -0.885938],
    [0.204561, 0.653083, 0.729135],
    [0.286232, -0.954064, 0.088503],
    [0.346268, -0.494162, -0.797435],
    [0.490793, -0.300981, 0.817638],
    [0.683128, 0.715413, -0.146701],
    [0.96936, -0.238651, -0.058198]
  ],
  "name": "triangular orthobicupola",
  "faces": [
    [2, 5, 8],
    [5, 4, 10],
    [8, 11, 7],
    [2, 1, 0],
    [6, 3, 9],
    [3, 0, 1],
    [9, 7, 11],
    [6, 10, 4],
    [5, 2, 0, 4],
    [8, 5, 10, 11],
    [2, 8, 7, 1],
    [3, 6, 4, 0],
    [9, 3, 1, 7],
    [6, 9, 11, 10]
  ]
}
