{
  "edges": [
    [68, 64],
    [64, 59],
    [59, 56],
    [56, 58],
    [58, 62],
    [62, 67],
    [67, 71],
    [71, 74],
    [74, 73],
    [73, 68],
    [70, 73],
    [74, 70],
    [40, 43],
    [43, 51],
    [51, 60],
    [60, 68],
    [70, 63],
    [63, 53],
    [53, 45],
    [45, 40],
    [54, 53],
    [63, 54],
    [60, 64],
    [71, 65],
    [65, 55],
    [55, 50],
    [50, 47],
    [47, 48],
    [48, 54],
    [43, 39],
    [39, 51],
    [49, 56],
    [59, 49],
    [20, 30],
    [30, 41],
    [41, 52],
    [52, 58],
    [49, 37],
    [37, 27],
    [27, 19],
    [19, 20],
    [28, 27],
    [37, 28],
    [52, 62],
    [36, 46],
    [46, 55],
    [65, 67],
    [41, 35],
    [35, 32],
    [32, 36],
    [30, 35],
    [46, 50],
    [2, 6],
    [6, 11],
    [11, 15],
    [15, 16],
    [16, 14],
    [14, 9],
    [9, 4],
    [4, 1],
    [1, 0],
    [0, 2],
    [3, 0],
    [1, 3],
    [28, 25],
    [25, 17],
    [17, 8],
    [8, 2],
    [3, 10],
    [10, 19],
    [10, 20],
    [8, 6],
    [40, 34],
    [34, 22],
    [22, 11],
    [17, 29],
    [29, 39],
    [25, 29],
    [22, 15],
    [45, 34],
    [26, 14],
    [16, 26],
    [36, 23],
    [23, 12],
    [12, 9],
    [26, 38],
    [38, 47],
    [38, 48],
    [12, 4],
    [32, 23],
    [5, 13],
    [13, 21],
    [21, 18],
    [18, 7],
    [7, 5],
    [5, 4],
    [12, 13],
    [23, 13],
    [32, 21],
    [35, 21],
    [30, 18],
    [20, 18],
    [10, 7],
    [3, 7],
    [1, 5],
    [24, 31],
    [31, 42],
    [42, 44],
    [44, 33],
    [33, 24],
    [24, 15],
    [22, 31],
    [34, 31],
    [45, 42],
    [53, 42],
    [54, 44],
    [48, 44],
    [38, 33],
    [26, 33],
    [16, 24],
    [72, 66],
    [66, 57],
    [57, 61],
    [61, 69],
    [69, 72],
    [72, 51],
    [39, 66],
    [29, 66],
    [25, 57],
    [28, 57],
    [37, 61],
    [49, 61],
    [59, 69],
    [64, 69],
    [60, 72]
  ],
  "vertices": [
    [-0.942902, 0.07027, -0.149675],
    [-0.907058, 0.322313, 0.065363],
    [-0.897048, -0.257164, -0.191336],
    [-0.851819, 0.371393, -0.259585],
    [-0.803207, 0.402693, 0.37164],
    [-0.802539, 0.632087, 0.129919],
    [-0.787011, -0.534922, -0.043707],
    [-0.7473, 0.681167, -0.195029],
    [-0.731772, -0.485841, -0.368655],
    [-0.671018, 0.280706, 0.65217],
    [-0.658589, 0.531186, -0.479085],
    [-0.654821, -0.656908, 0.236823],
    [-0.579935, 0.581829, 0.542259],
    [-0.579266, 0.811224, 0.300537],
    [-0.560981, 0.002949, 0.799799],
    [-0.550971, -0.576528, 0.5431],
    [-0.515127, -0.324486, 0.758138],
    [-0.510203, -0.528414, -0.613902],
    [-0.489887, 0.890637, -0.225239],
    [-0.437021, 0.488613, -0.724333],
    [-0.401177, 0.740656, -0.509295],
    [-0.386037, 0.971017, 0.081037],
    [-0.385694, -0.805205, 0.365781],
    [-0.322522, 0.791299, 0.512049],
    [-0.317618, -0.591958, 0.780503],
    [-0.316974, -0.368621, -0.833402],
    [-0.291854, -0.145349, 0.928756],
    [-0.271745, 0.259936, -0.901652],
    [-0.225891, -0.067498, -0.943313],
    [-0.206937, -0.646378, -0.685774],
    [-0.177904, 0.919793, -0.338677],
    [-0.152342, -0.820635, 0.603184],
    [-0.129293, 0.951092, 0.292549],
    [-0.094345, -0.412822, 0.951122],
    [-0.082428, -0.92317, 0.29391],
    [-0.074054, 1.000172, -0.032399],
    [0.002897, 0.829106, 0.573078],
    [0.031522, 0.141972, -0.973523],
    [0.033565, -0.107542, 0.989786],
    [0.06219, -0.794676, -0.556816],
    [0.13914, -0.965743, 0.048662],
    [0.147515, 0.9576, -0.277647],
    [0.173077, -0.782829, 0.664213],
    [0.19438, -0.916662, -0.276286],
    [0.208921, -0.530786, 0.87925],
    [0.242991, -0.885363, 0.354939],
    [0.272024, 0.680808, 0.702036],
    [0.290978, 0.101928, 0.959576],
    [0.336832, -0.225507, 0.917915],
    [0.356941, 0.179778, -0.912493],
    [0.382061, 0.403051, 0.849665],
    [0.387609, -0.75687, -0.495786],
    [0.450781, 0.839635, -0.349518],
    [0.466264, -0.706226, 0.525558],
    [0.502108, -0.454184, 0.740596],
    [0.57529, 0.562844, 0.630165],
    [0.580214, 0.358915, -0.741875],
    [-0.018946, -0.326587, -0.976456],
    [0.616058, 0.610958, -0.526838],
    [0.626068, 0.031481, -0.783536],
    [0.645022, -0.5474, -0.525996],
    [0.238466, -0.117117, -1.006666],
    [0.719908, 0.691337, -0.22056],
    [0.723676, -0.496756, 0.495348],
    [0.736105, -0.246276, -0.635907],
    [0.796859, 0.520271, 0.384917],
    [0.091091, -0.604344, -0.828827],
    [0.852098, 0.569351, 0.059969],
    [0.868294, -0.368263, -0.355377],
    [0.507593, -0.265415, -0.877708],
    [0.916906, -0.336964, 0.275848],
    [0.962135, 0.291594, 0.207599],
    [0.41651, -0.566538, -0.767798],
    [0.972145, -0.287883, -0.0491],
    [1.007989, -0.035841, 0.165937]
  ],
  "name": "triaugmented truncated dodecahedron",
  "faces": [
    [70, 73, 74],
    [54, 53, 63],
    [60, 64, 68],
    [43, 39, 51],
    [49, 56, 59],
    [28, 27, 37],
    [52, 62, 58],
    [30, 35, 41],
    [65, 71, 67],
    [50, 55, 46],
    [3, 0, 1],
    [20, 19, 10],
    [8, 6, 2],
    [25, 29, 17],
    [22, 15, 11],
    [45, 34, 40],
    [26, 14, 16],
    [48, 47, 38],
    [12, 4, 9],
    [32, 23, 36],
    [13, 12, 23],
    [21, 32, 35],
    [18, 30, 20],
    [3, 7, 10],
    [5, 1, 4],
    [31, 22, 34],
    [42, 45, 53],
    [44, 54, 48],
    [26, 33, 38],
    [24, 16, 15],
    [66, 39, 29],
    [57, 25, 28],
    [61, 37, 49],
    [69, 59, 64],
    [72, 60, 51],
    [13, 5, 4, 12],
    [21, 13, 23, 32],
    [18, 21, 35, 30],
    [7, 18, 20, 10],
    [5, 7, 3, 1],
    [31, 24, 15, 22],
    [42, 31, 34, 45],
    [44, 42, 53, 54],
    [33, 44, 48, 38],
    [24, 33, 26, 16],
    [66, 72, 51, 39],
    [66, 29, 25, 57],
    [57, 28, 37, 61],
    [61, 49, 59, 69],
    [69, 64, 60, 72],
    [5, 13, 21, 18, 7],
    [24, 31, 42, 44, 33],
    [72, 66, 57, 61, 69],
    [68, 64, 59, 56, 58, 62, 67, 71, 74, 73],
    [40, 43, 51, 60, 68, 73, 70, 63, 53, 45],
    [54, 63, 70, 74, 71, 65, 55, 50, 47, 48],
    [20, 30, 41, 52, 58, 56, 49, 37, 27, 19],
    [36, 46, 55, 65, 67, 62, 52, 41, 35, 32],
    [2, 6, 11, 15, 16, 14, 9, 4, 1, 0],
    [28, 25, 17, 8, 2, 0, 3, 10, 19, 27],
    [43, 40, 34, 22, 11, 6, 8, 17, 29, 39],
    [46, 36, 23, 12, 9, 14, 26, 38, 47, 50]
  ]
}
