{
  "edges": [
    [0, 4],
    [4, 9],
    [9, 11],
    [11, 8],
    [8, 2],
    [2, 0],
    [10, 13],
    [13, 12],
    [12, 7],
    [7, 3],
    [3, 5],
    [5, 10],
    [4, 7],
    [12, 9],
    [11, 13],
    [10, 8],
    [2, 5],
    [3, 0],
    [9, 14],
    [14, 11],
    [12, 14],
    [14, 13],
    [8, 6],
    [6, 2],
    [10, 6],
    [6, 5],
    [0, 1],
    [1, 4],
    [3, 1],
    [1, 7]
  ],
  "vertices": [
    [-0.902174, -0.044182, -0.142406],
    [-0.852256, -0.16038, -0.950443],
    [-0.65694, 0.352221, 0.529639],
    [-0.484062, 0.483825, -0.606421],
    [-0.454289, -0.660407, -0.440037],
    [-0.238829, 0.880229, 0.065624],
    [-0.184058, 0.919718, 0.880707],
    [-0.036177, -0.1324, -0.904053],
    [0.036178, 0.1324, 0.904052],
    [0.238829, -0.880229, -0.065625],
    [0.454289, 0.660407, 0.440037],
    [0.484063, -0.483825, 0.60642],
    [0.656941, -0.352221, -0.52964],
    [0.902174, 0.044182, 0.142405],
    [1.036314, -0.759338, 0.069736]
  ],
  "name": "triaugmented hexagonal prism",
  "faces": [
    [9, 14, 11],
    [9, 12, 14],
    [11, 14, 13],
    [13, 14, 12],
    [8, 6, 2],
    [8, 10, 6],
    [2, 6, 5],
    [5, 6, 10],
    [0, 1, 4],
    [0, 3, 1],
    [4, 1, 7],
    [7, 1, 3],
    [9, 4, 7, 12],
    [8, 11, 13, 10],
    [0, 2, 5, 3],
    [0, 4, 9, 11, 8, 2],
    [10, 13, 12, 7, 3, 5]
  ]
}
