{
  "edges": [
    [11, 12],
    [12, 16],
    [16, 17],
    [17, 15],
    [15, 11],
    [11, 4],
    [4, 12],
    [11, 6],
    [6, 4],
    [15, 6],
    [15, 13],
    [13, 5],
    [5, 6],
    [17, 13],
    [8, 13],
    [17, 14],
    [14, 9],
    [9, 8],
    [8, 5],
    [2, 5],
    [8, 2],
    [9, 2],
    [7, 9],
    [14, 7],
    [7, 0],
    [0, 2],
    [16, 14],
    [16, 10],
    [10, 3],
    [3, 7],
    [3, 0],
    [3, 1],
    [1, 0],
    [10, 1],
    [4, 1],
    [10, 12]
  ],
  "vertices": [
    [-0.748928, 0.557858, -0.030371],
    [-0.638635, 0.125804, -0.670329],
    [-0.593696, 0.259282, 0.67329],
    [-0.427424, 0.876636, -0.665507],
    [-0.373109, -0.604827, -0.606627],
    [-0.32817, -0.471348, 0.736992],
    [-0.217876, -0.903403, 0.097033],
    [-0.141658, 1.042101, 0.041134],
    [-0.021021, 0.094954, 1.176701],
    [0.013575, 0.743525, 0.744795],
    [0.036802, 0.343022, -0.994341],
    [0.267732, -1.036179, -0.498733],
    [0.302328, -0.387609, -0.93064],
    [0.443205, -0.438661, 0.847867],
    [0.499183, 0.610749, 0.149029],
    [0.553499, -0.870715, 0.207908],
    [0.609478, 0.178694, -0.490931],
    [0.76471, -0.119883, 0.212731]
  ],
  "name": "triangular hebesphenorotunda",
  "faces": [
    [12, 11, 4],
    [11, 6, 4],
    [6, 11, 15],
    [13, 15, 17],
    [5, 13, 8],
    [2, 5, 8],
    [2, 8, 9],
    [7, 9, 14],
    [16, 14, 17],
    [3, 0, 7],
    [3, 1, 0],
    [1, 3, 10],
    [12, 10, 16],
    [6, 15, 13, 5],
    [2, 9, 7, 0],
    [12, 4, 1, 10],
    [11, 12, 16, 17, 15],
    [8, 13, 17, 14, 9],
    [16, 10, 3, 7, 14],
    [1, 4, 6, 5, 2, 0]
  ]
}
