{
  "edges": [
    [20, 17],
    [17, 18],
    [18, 21],
    [21, 22],
    [22, 20],
    [9, 15],
    [15, 21],
    [18, 12],
    [12, 9],
    [11, 14],
    [14, 20],
    [22, 16],
    [16, 11],
    [8, 10],
    [10, 17],
    [14, 8],
    [7, 12],
    [10, 7],
    [8, 1],
    [1, 0],
    [0, 7],
    [16, 13],
    [13, 5],
    [5, 3],
    [3, 11],
    [9, 2],
    [2, 5],
    [13, 15],
    [2, 0],
    [1, 3],
    [6, 3],
    [1, 6],
    [8, 6],
    [6, 11],
    [6, 14],
    [19, 22],
    [21, 19],
    [15, 19],
    [19, 16],
    [19, 13],
    [4, 0],
    [2, 4],
    [9, 4],
    [4, 7],
    [4, 12]
  ],
  "vertices": [
    [-0.875027, -0.215344, -0.354115],
    [-0.822602, -0.401147, 0.315989],
    [-0.733096, 0.465836, -0.400606],
    [-0.648272, 0.1652, 0.683645],
    [-0.625957, 0.049095, -0.949385],
    [-0.592955, 0.701024, 0.240765],
    [-0.479753, -0.469083, 0.919437],
    [-0.387571, -0.561993, -0.712628],
    [-0.302747, -0.862629, 0.371622],
    [-0.157924, 0.540178, -0.787852],
    [-0.033883, -0.962037, -0.264098],
    [-0.020675, 0.053739, 0.966503],
    [0.055623, -0.095055, -0.980693],
    [0.068831, 0.920721, 0.249908],
    [0.192872, -0.581494, 0.773662],
    [0.337694, 0.821313, -0.385812],
    [0.422519, 0.520677, 0.698439],
    [0.627903, -0.74234, -0.254955],
    [0.683221, -0.206515, -0.697835],
    [0.756251, 0.83314, 0.171845],
    [0.768045, -0.507151, 0.386416],
    [0.85755, 0.359831, -0.330178],
    [0.909975, 0.174028, 0.339925]
  ],
  "name": "triaugmented dodecahedron",
  "faces": [
    [6, 3, 1],
    [6, 1, 8],
    [6, 11, 3],
    [6, 14, 11],
    [14, 6, 8],
    [19, 22, 21],
    [19, 21, 15],
    [19, 16, 22],
    [19, 13, 16],
    [13, 19, 15],
    [4, 0, 2],
    [4, 2, 9],
    [4, 7, 0],
    [4, 12, 7],
    [12, 4, 9],
    [20, 17, 18, 21, 22],
    [9, 15, 21, 18, 12],
    [11, 14, 20, 22, 16],
    [8, 10, 17, 20, 14],
    [7, 12, 18, 17, 10],
    [10, 8, 1, 0, 7],
    [16, 13, 5, 3, 11],
    [15, 9, 2, 5, 13],
    [2, 0, 1, 3, 5]
  ]
}
