{
  "edges": [
    [1, 3],
    [3, 0],
    [0, 1],
    [3, 4],
    [4, 0],
    [1, 4],
    [0, 2],
    [2, 1],
    [4, 2]
  ],
  "vertices": [
    [-0.610389, 0.243975, 0.531213],
    [-0.187812, -0.48795, -0.664016],
    [-0.187812, 0.9759, -0.664016],
    [0.187812, -0.9759, 0.664016],
    [0.798201, 0.243975, 0.132803]
  ],
  "name": "triangular bipyramid",
  "faces": [
    [1, 3, 0],
    [3, 4, 0],
    [3, 1, 4],
    [0, 2, 1],
    [0, 4, 2],
    [2, 4, 1]
  ]
}
