{
  "faces": [
    [0, 3, 1],
    [2, 4, 5],
    [0, 1, 4, 2],
    [0, 2, 5, 3],
    [1, 3, 5, 4]
  ],
  "edges": [
    [2, 4],
    [1, 4],
    [3, 5],
    [0, 2],
    [2, 5],
    [1, 3],
    [0, 1],
    [0, 3],
    [4, 5]
  ],
  "name": "triangular prism",
  "vertices": [
    [0.0, 0.0, 1.322876],
    [1.309307, 0.0, 0.1889822],
    [-0.9819805, 0.8660254, 0.1889822],
    [0.1636634, -1.299038, 0.1889822],
    [0.3273268, 0.8660254, -0.9449112],
    [-0.8183171, -0.4330127, -0.9449112]
  ]
}
