{
  "edges": [
    [1, 5],
    [5, 0],
    [0, 1],
    [8, 4],
    [4, 5],
    [5, 8],
    [4, 0],
    [4, 3],
    [3, 0],
    [8, 3],
    [5, 6],
    [6, 8],
    [6, 7],
    [7, 8],
    [7, 3],
    [7, 2],
    [2, 3],
    [6, 2],
    [2, 0],
    [2, 1],
    [6, 1]
  ],
  "vertices": [
    [-0.837735, -0.140456, -0.298855],
    [-0.67808, 0.951266, 0.116678],
    [-0.424767, 0.019903, 0.793738],
    [-0.041529, -0.887587, 0.145967],
    [-0.017092, -0.613922, -1.000561],
    [0.031619, 0.531638, -0.726088],
    [0.444587, 0.691997, 0.366504],
    [0.695172, -0.337344, 0.883883],
    [0.827825, -0.215493, -0.281266]
  ],
  "name": "triaugmented triangular prism",
  "faces": [
    [1, 5, 0],
    [8, 4, 5],
    [4, 0, 5],
    [4, 3, 0],
    [8, 3, 4],
    [5, 6, 8],
    [8, 6, 7],
    [8, 7, 3],
    [3, 7, 2],
    [7, 6, 2],
    [3, 2, 0],
    [0, 2, 1],
    [2, 6, 1],
    [1, 6, 5]
  ]
}
