{
  "edges": [
    [6, 8],
    [8, 7],
    [7, 5],
    [5, 2],
    [2, 6],
    [0, 2],
    [5, 3],
    [3, 1],
    [1, 0],
    [0, 4],
    [4, 6],
    [6, 0],
    [4, 8],
    [1, 4],
    [3, 7]
  ],
  "vertices": [
    [-0.799898, 0.494585, -0.153719],
    [-0.680241, -0.086273, 0.717027],
    [-0.306176, 0.002547, -0.943688],
    [-0.112567, -0.9373, 0.465209],
    [-0.077419, 0.764103, 0.564122],
    [0.118618, -0.882406, -0.56117],
    [0.153766, 0.818996, -0.462256],
    [0.841097, -0.612888, 0.156672],
    [0.86282, 0.438637, 0.217804]
  ],
  "name": "tridiminished icosahedron",
  "faces": [
    [0, 4, 6],
    [4, 8, 6],
    [6, 2, 0],
    [0, 1, 4],
    [5, 7, 3],
    [6, 8, 7, 5, 2],
    [0, 2, 5, 3, 1],
    [7, 8, 4, 1, 3]
  ]
}
