{
  "faces": [
    [0, 3, 1],
    [2, 6, 5],
    [4, 8, 9],
    [7, 12, 13],
    [10, 17, 16],
    [11, 15, 18],
    [14, 19, 20],
    [21, 22, 23],
    [0, 1, 4, 9, 15, 11, 6, 2],
    [0, 2, 5, 10, 16, 12, 7, 3],
    [1, 3, 7, 13, 19, 14, 8, 4],
    [5, 6, 11, 18, 22, 21, 17, 10],
    [8, 14, 20, 23, 22, 18, 15, 9],
    [12, 16, 17, 21, 23, 20, 19, 13]
  ],
  "edges": [
    [3, 7],
    [18, 15],
    [5, 6],
    [2, 6],
    [22, 23],
    [8, 9],
    [16, 12],
    [20, 14],
    [12, 7],
    [21, 23],
    [17, 10],
    [13, 7],
    [10, 5],
    [11, 15],
    [0, 2],
    [2, 5],
    [20, 23],
    [19, 13],
    [18, 22],
    [0, 1],
    [8, 14],
    [8, 4],
    [9, 4],
    [17, 21],
    [12, 13],
    [9, 15],
    [1, 3],
    [18, 11],
    [16, 10],
    [0, 3],
    [11, 6],
    [21, 22],
    [1, 4],
    [19, 14],
    [19, 20],
    [16, 17]
  ],
  "name": "truncated cube",
  "vertices": [
    [0.0, 0.0, 1.042011],
    [0.5621693, 0.0, 0.8773552],
    [-0.4798415, 0.2928932, 0.8773552],
    [0.2569714, -0.5, 0.8773552],
    [0.8773552, 0.2928932, 0.4798415],
    [-0.9014684, 0.2071068, 0.4798415],
    [-0.5962706, 0.7071068, 0.4798415],
    [0.1405423, -0.9142136, 0.4798415],
    [1.017898, 0.2071068, -0.08232778],
    [0.7609261, 0.7071068, 0.08232778],
    [-1.017898, -0.2071068, 0.08232778],
    [-0.2810846, 1.0, 0.08232778],
    [-0.2810846, -1.0, 0.08232778],
    [0.2810846, -1.0, -0.08232778],
    [0.9014684, -0.2071068, -0.4798415],
    [0.2810846, 1.0, -0.08232778],
    [-0.7609261, -0.7071068, -0.08232778],
    [-0.8773552, -0.2928932, -0.4798415],
    [-0.1405423, 0.9142136, -0.4798415],
    [0.5962706, -0.7071068, -0.4798415],
    [0.4798415, -0.2928932, -0.8773552],
    [-0.5621693, 0.0, -0.8773552],
    [-0.2569714, 0.5, -0.8773552],
    [0.0, 0.0, -1.042011]
  ]
}
