{
  "faces": [
    [0, 1, 4, 2],
    [3, 8, 14, 7],
    [5, 10, 18, 11],
    [6, 12, 20, 13],
    [9, 17, 24, 16],
    [15, 23, 27, 19],
    [21, 25, 33, 29],
    [22, 30, 38, 31],
    [26, 35, 41, 34],
    [28, 37, 42, 36],
    [32, 39, 44, 40],
    [43, 46, 47, 45],
    [0, 2, 6, 13, 8, 3],
    [1, 5, 11, 17, 9, 4],
    [7, 14, 22, 31, 23, 15],
    [10, 19, 27, 35, 26, 18],
    [12, 21, 29, 37, 28, 20],
    [16, 24, 32, 40, 33, 25],
    [30, 36, 42, 46, 43, 38],
    [34, 41, 45, 47, 44, 39],
    [0, 3, 7, 15, 19, 10, 5, 1],
    [2, 4, 9, 16, 25, 21, 12, 6],
    [8, 13, 20, 28, 36, 30, 22, 14],
    [11, 18, 26, 34, 39, 32, 24, 17],
    [23, 31, 38, 43, 45, 41, 35, 27],
    [29, 33, 40, 44, 47, 46, 42, 37]
  ],
  "edges": [
    [7, 15],
    [45, 47],
    [3, 7],
    [30, 22],
    [25, 33],
    [29, 21],
    [20, 13],
    [40, 32],
    [27, 23],
    [34, 26],
    [28, 36],
    [17, 11],
    [14, 7],
    [34, 39],
    [44, 39],
    [8, 13],
    [44, 47],
    [42, 46],
    [10, 19],
    [29, 37],
    [23, 31],
    [20, 12],
    [40, 33],
    [32, 39],
    [19, 15],
    [16, 9],
    [42, 37],
    [0, 2],
    [24, 16],
    [24, 32],
    [46, 47],
    [26, 18],
    [40, 44],
    [0, 1],
    [8, 14],
    [33, 29],
    [9, 4],
    [22, 14],
    [19, 27],
    [24, 17],
    [20, 28],
    [41, 45],
    [12, 21],
    [12, 6],
    [41, 34],
    [38, 31],
    [11, 5],
    [8, 3],
    [23, 15],
    [16, 25],
    [42, 36],
    [18, 11],
    [10, 5],
    [2, 6],
    [43, 38],
    [2, 4],
    [13, 6],
    [22, 31],
    [38, 30],
    [10, 18],
    [43, 46],
    [36, 30],
    [35, 27],
    [1, 4],
    [41, 35],
    [25, 21],
    [9, 17],
    [28, 37],
    [1, 5],
    [26, 35],
    [43, 45],
    [0, 3]
  ],
  "name": "truncated cuboctahedron",
  "vertices": [
    [0.0, 0.0, 1.024117],
    [0.4314788, 0.0, 0.928785],
    [-0.02106287, 0.4309644, 0.928785],
    [-0.3410582, -0.2642977, 0.928785],
    [0.4104159, 0.4309644, 0.833453],
    [0.7006238, -0.2642977, 0.6986333],
    [-0.3831839, 0.5976311, 0.7381211],
    [-0.3919084, -0.6380712, 0.6986333],
    [-0.7031792, -0.09763107, 0.7381211],
    [0.6584981, 0.5976311, 0.5079694],
    [0.6497736, -0.6380712, 0.4684816],
    [0.948706, -0.09763107, 0.3731496],
    [-0.4638216, 0.8333333, 0.3731496],
    [-0.7242421, 0.3333333, 0.6427891],
    [-0.7540295, -0.4714045, 0.5079694],
    [-0.1227634, -0.9023689, 0.4684816],
    [0.5778604, 0.8333333, 0.1429979],
    [0.9276431, 0.3333333, 0.2778177],
    [0.8978557, -0.4714045, 0.1429979],
    [0.3087154, -0.9023689, 0.3731496],
    [-0.8048797, 0.5690356, 0.2778177],
    [-0.2157394, 1.0, 0.04766598],
    [-0.8470055, -0.5690356, 0.08715377],
    [-0.2157394, -1.0, 0.04766598],
    [0.8470055, 0.5690356, -0.08715377],
    [0.2157394, 1.0, -0.04766598],
    [0.8048797, -0.5690356, -0.2778177],
    [0.2157394, -1.0, -0.04766598],
    [-0.8978557, 0.4714045, -0.1429979],
    [-0.3087154, 0.9023689, -0.3731496],
    [-0.9276431, -0.3333333, -0.2778177],
    [-0.5778604, -0.8333333, -0.1429979],
    [0.7540295, 0.4714045, -0.5079694],
    [0.1227634, 0.9023689, -0.4684816],
    [0.7242421, -0.3333333, -0.6427891],
    [0.4638216, -0.8333333, -0.3731496],
    [-0.948706, 0.09763107, -0.3731496],
    [-0.6497736, 0.6380712, -0.4684816],
    [-0.6584981, -0.5976311, -0.5079694],
    [0.7031792, 0.09763107, -0.7381211],
    [0.3919084, 0.6380712, -0.6986333],
    [0.3831839, -0.5976311, -0.7381211],
    [-0.7006238, 0.2642977, -0.6986333],
    [-0.4104159, -0.4309644, -0.833453],
    [0.3410582, 0.2642977, -0.928785],
    [0.02106287, -0.4309644, -0.928785],
    [-0.4314788, 0.0, -0.928785],
    [0.0, 0.0, -1.024117]
  ]
}
